{
  "rows": [
    {
      "a": "heuristic",
      "b": "dao_a0.20",
      "case_a": "D:/AI/WordModule/tests/artifacts/open_world_strong_evidence_20260204_110537_258/steps/open_ood_sweep_quick/run/cases/base__engine__heuristic",
      "case_b": "D:/AI/WordModule/tests/artifacts/open_world_strong_evidence_20260204_110537_258/steps/open_ood_sweep_quick/run/cases/base__engine__dao_a0.20",
      "env": "engine",
      "point": "base",
      "stats": {
        "dd_auc_p95": {
          "ci95": [
            -57.18121836733724,
            0.0
          ],
          "delta_mean": 0.0
        },
        "det_rate": {
          "ci95": [
            0.0,
            0.0
          ],
          "delta_mean": 0.0
        },
        "meta": {
          "bootstrap": 500,
          "n_episodes": 40,
          "seed": 1
        },
        "post_total": {
          "ci95": [
            -502.1707658196856,
            0.0
          ],
          "delta_mean": -186.45066139567462
        },
        "rec_target_rate": {
          "ci95": [
            0.0,
            0.07500000000000007
          ],
          "delta_mean": 0.025000000000000022
        },
        "regret_sum": {
          "ci95": [
            -972.8257155751962,
            0.0
          ],
          "delta_mean": -362.39605076995576
        }
      }
    },
    {
      "a": "heuristic",
      "b": "dao_a0.20",
      "case_a": "D:/AI/WordModule/tests/artifacts/open_world_strong_evidence_20260204_110537_258/steps/open_ood_sweep_quick/run/cases/base__numeric__heuristic",
      "case_b": "D:/AI/WordModule/tests/artifacts/open_world_strong_evidence_20260204_110537_258/steps/open_ood_sweep_quick/run/cases/base__numeric__dao_a0.20",
      "env": "numeric",
      "point": "base",
      "stats": {
        "dd_auc_p95": {
          "ci95": [
            -57.18121836733724,
            0.0
          ],
          "delta_mean": 0.0
        },
        "det_rate": {
          "ci95": [
            0.0,
            0.0
          ],
          "delta_mean": 0.0
        },
        "meta": {
          "bootstrap": 500,
          "n_episodes": 40,
          "seed": 1
        },
        "post_total": {
          "ci95": [
            -502.1707658196856,
            0.0
          ],
          "delta_mean": -186.45066139567462
        },
        "rec_target_rate": {
          "ci95": [
            0.0,
            0.07500000000000007
          ],
          "delta_mean": 0.025000000000000022
        },
        "regret_sum": {
          "ci95": [
            -972.8257155751962,
            0.0
          ],
          "delta_mean": -362.39605076995576
        }
      }
    },
    {
      "a": "heuristic",
      "b": "dao_a0.20",
      "case_a": "D:/AI/WordModule/tests/artifacts/open_world_strong_evidence_20260204_110537_258/steps/open_ood_sweep_quick/run/cases/low_budget__engine__heuristic",
      "case_b": "D:/AI/WordModule/tests/artifacts/open_world_strong_evidence_20260204_110537_258/steps/open_ood_sweep_quick/run/cases/low_budget__engine__dao_a0.20",
      "env": "engine",
      "point": "low_budget",
      "stats": {
        "dd_auc_p95": {
          "ci95": [
            -115.21340789893497,
            0.0
          ],
          "delta_mean": 0.0
        },
        "det_rate": {
          "ci95": [
            0.0,
            0.0
          ],
          "delta_mean": 0.0
        },
        "meta": {
          "bootstrap": 500,
          "n_episodes": 40,
          "seed": 1
        },
        "post_total": {
          "ci95": [
            -534.8792010972429,
            0.0
          ],
          "delta_mean": -205.80453201528508
        },
        "rec_target_rate": {
          "ci95": [
            0.0,
            0.07500000000000007
          ],
          "delta_mean": 0.025000000000000022
        },
        "regret_sum": {
          "ci95": [
            -1027.7373141089247,
            0.0
          ],
          "delta_mean": -401.1037920091785
        }
      }
    },
    {
      "a": "heuristic",
      "b": "dao_a0.20",
      "case_a": "D:/AI/WordModule/tests/artifacts/open_world_strong_evidence_20260204_110537_258/steps/open_ood_sweep_quick/run/cases/low_budget__numeric__heuristic",
      "case_b": "D:/AI/WordModule/tests/artifacts/open_world_strong_evidence_20260204_110537_258/steps/open_ood_sweep_quick/run/cases/low_budget__numeric__dao_a0.20",
      "env": "numeric",
      "point": "low_budget",
      "stats": {
        "dd_auc_p95": {
          "ci95": [
            -115.21340789893497,
            0.0
          ],
          "delta_mean": 0.0
        },
        "det_rate": {
          "ci95": [
            0.0,
            0.0
          ],
          "delta_mean": 0.0
        },
        "meta": {
          "bootstrap": 500,
          "n_episodes": 40,
          "seed": 1
        },
        "post_total": {
          "ci95": [
            -534.8792010972429,
            0.0
          ],
          "delta_mean": -205.80453201528508
        },
        "rec_target_rate": {
          "ci95": [
            0.0,
            0.07500000000000007
          ],
          "delta_mean": 0.025000000000000022
        },
        "regret_sum": {
          "ci95": [
            -1027.7373141089247,
            0.0
          ],
          "delta_mean": -401.1037920091785
        }
      }
    },
    {
      "a": "heuristic",
      "b": "dao_a0.20",
      "case_a": "D:/AI/WordModule/tests/artifacts/open_world_strong_evidence_20260204_110537_258/steps/open_ood_sweep_quick/run/cases/more_drift__engine__heuristic",
      "case_b": "D:/AI/WordModule/tests/artifacts/open_world_strong_evidence_20260204_110537_258/steps/open_ood_sweep_quick/run/cases/more_drift__engine__dao_a0.20",
      "env": "engine",
      "point": "more_drift",
      "stats": {
        "dd_auc_p95": {
          "ci95": [
            0.0,
            0.0
          ],
          "delta_mean": 0.0
        },
        "det_rate": {
          "ci95": [
            0.0,
            0.0
          ],
          "delta_mean": 0.0
        },
        "meta": {
          "bootstrap": 500,
          "n_episodes": 40,
          "seed": 1
        },
        "post_total": {
          "ci95": [
            0.0,
            0.0
          ],
          "delta_mean": 0.0
        },
        "rec_target_rate": {
          "ci95": [
            0.0,
            0.0
          ],
          "delta_mean": 0.0
        },
        "regret_sum": {
          "ci95": [
            0.0,
            0.0
          ],
          "delta_mean": 0.0
        }
      }
    },
    {
      "a": "heuristic",
      "b": "dao_a0.20",
      "case_a": "D:/AI/WordModule/tests/artifacts/open_world_strong_evidence_20260204_110537_258/steps/open_ood_sweep_quick/run/cases/more_drift__numeric__heuristic",
      "case_b": "D:/AI/WordModule/tests/artifacts/open_world_strong_evidence_20260204_110537_258/steps/open_ood_sweep_quick/run/cases/more_drift__numeric__dao_a0.20",
      "env": "numeric",
      "point": "more_drift",
      "stats": {
        "dd_auc_p95": {
          "ci95": [
            0.0,
            0.0
          ],
          "delta_mean": 0.0
        },
        "det_rate": {
          "ci95": [
            0.0,
            0.0
          ],
          "delta_mean": 0.0
        },
        "meta": {
          "bootstrap": 500,
          "n_episodes": 40,
          "seed": 1
        },
        "post_total": {
          "ci95": [
            0.0,
            0.0
          ],
          "delta_mean": 0.0
        },
        "rec_target_rate": {
          "ci95": [
            0.0,
            0.0
          ],
          "delta_mean": 0.0
        },
        "regret_sum": {
          "ci95": [
            0.0,
            0.0
          ],
          "delta_mean": 0.0
        }
      }
    }
  ]
}
