{
  "baseline_static": "tests_full\\baselines\\island10_open_baseline.json",
  "open_env": "numeric",
  "baseline_repeats": {
    "repeats": 1,
    "seed_start": 1,
    "seed_count": 40,
    "metrics": {
      "detect_rate": {
        "mean": 0.7301587301587301,
        "ci95": [
          0.7301587301587301,
          0.7301587301587301
        ]
      },
      "recover_to_target_rate": {
        "mean": 0.7619047619047619,
        "ci95": [
          0.7619047619047619,
          0.7619047619047619
        ]
      },
      "regret_mean": {
        "mean": 194.8312761447029,
        "ci95": [
          194.8312761447029,
          194.8312761447029
        ]
      },
      "drawdown_auc_p95": {
        "mean": 695.3394444077882,
        "ci95": [
          695.3394444077882,
          695.3394444077882
        ]
      },
      "post_drift_regret_total": {
        "mean": 6575.775155415199,
        "ci95": [
          6575.775155415199,
          6575.775155415199
        ]
      },
      "law_pred_acc": {
        "mean": 0.775,
        "ci95": [
          0.775,
          0.775
        ]
      },
      "ece": {
        "mean": 0.21802890971628164,
        "ci95": [
          0.21802890971628164,
          0.21802890971628164
        ]
      }
    }
  },
  "recommendation": {
    "name": "dao_heuristic_a0.20",
    "posterior": "dao_heuristic",
    "res_feats": "",
    "res_scale": "",
    "seq_eps": "",
    "seq_edge_decay": "",
    "seq_edge_lr": "",
    "seq_ll_scale": "",
    "seq_prior_scale": "",
    "daoheur_alpha": "0.20",
    "daoheur_scale": "6.0",
    "daoheur_boost_mult": "2.0",
    "daoheur_boost_steps": "6",
    "daoheur_entropy_thr": "0.95",
    "daoheur_entropy_mult": "1.5",
    "artifact_dirs": [
      "tests\\artifacts\\island10_open_20260204_110604_582"
    ],
    "passed_gate": true,
    "env": {
      "WMV2_ACTIVEEXP_POSTERIOR": "dao_heuristic",
      "WMV2_ACTIVEEXP_RES_FEATS": "",
      "WMV2_ACTIVEEXP_RES_SCALE": "",
      "WMV2_ACTIVEEXP_SEQ_EPS": "",
      "WMV2_ACTIVEEXP_SEQ_EDGE_DECAY": "",
      "WMV2_ACTIVEEXP_SEQ_EDGE_LR": "",
      "WMV2_ACTIVEEXP_SEQ_LL_SCALE": "",
      "WMV2_ACTIVEEXP_SEQ_PRIOR_SCALE": "",
      "WMV2_ACTIVEEXP_DAOHEUR_ALPHA": "0.20",
      "WMV2_ACTIVEEXP_DAOHEUR_SCALE": "6.0",
      "WMV2_ACTIVEEXP_DAOHEUR_BOOST_MULT": "2.0",
      "WMV2_ACTIVEEXP_DAOHEUR_BOOST_STEPS": "6",
      "WMV2_ACTIVEEXP_DAOHEUR_ENTROPY_THR": "0.95",
      "WMV2_ACTIVEEXP_DAOHEUR_ENTROPY_MULT": "1.5"
    }
  },
  "rows": [
    {
      "name": "heuristic",
      "posterior": "heuristic",
      "res_feats": "",
      "res_scale": "",
      "seq_eps": "",
      "seq_edge_decay": "",
      "seq_edge_lr": "",
      "seq_ll_scale": "",
      "seq_prior_scale": "",
      "daoheur_alpha": "",
      "daoheur_scale": "",
      "daoheur_boost_mult": "",
      "daoheur_boost_steps": "",
      "daoheur_entropy_thr": "",
      "daoheur_entropy_mult": "",
      "repeats": 1,
      "seed_start": 1,
      "seed_count": 40,
      "artifact_dirs": [
        "tests\\artifacts\\island10_open_20260204_110603_305"
      ],
      "errors": [
        null
      ],
      "metrics": {
        "detect_rate": {
          "mean": 0.7301587301587301,
          "ci95": [
            0.7301587301587301,
            0.7301587301587301
          ]
        },
        "recover_to_target_rate": {
          "mean": 0.7619047619047619,
          "ci95": [
            0.7619047619047619,
            0.7619047619047619
          ]
        },
        "regret_mean": {
          "mean": 194.8312761447029,
          "ci95": [
            194.8312761447029,
            194.8312761447029
          ]
        },
        "drawdown_auc_p95": {
          "mean": 695.3394444077882,
          "ci95": [
            695.3394444077882,
            695.3394444077882
          ]
        },
        "post_drift_regret_total": {
          "mean": 6575.775155415199,
          "ci95": [
            6575.775155415199,
            6575.775155415199
          ]
        },
        "law_pred_acc": {
          "mean": 0.775,
          "ci95": [
            0.775,
            0.775
          ]
        },
        "ece": {
          "mean": 0.21802890971628164,
          "ci95": [
            0.21802890971628164,
            0.21802890971628164
          ]
        }
      },
      "metrics_reps": [
        {
          "detect_rate": 0.7301587301587301,
          "recover_to_target_rate": 0.7619047619047619,
          "regret_mean": 194.8312761447029,
          "drawdown_auc_p95": 695.3394444077882,
          "post_drift_regret_total": 6575.775155415199,
          "law_pred_acc": 0.775,
          "ece": 0.21802890971628164
        }
      ],
      "rel_to_baseline": {
        "detect_rate": 1.0,
        "recover_to_target_rate": 1.0,
        "regret_mean": 1.0,
        "drawdown_auc_p95": 1.0,
        "post_drift_regret_total": 1.0
      },
      "passed_gate": true
    },
    {
      "name": "dao_heuristic_a0.00",
      "posterior": "dao_heuristic",
      "res_feats": "",
      "res_scale": "",
      "seq_eps": "",
      "seq_edge_decay": "",
      "seq_edge_lr": "",
      "seq_ll_scale": "",
      "seq_prior_scale": "",
      "daoheur_alpha": "0.00",
      "daoheur_scale": "6.0",
      "daoheur_boost_mult": "2.0",
      "daoheur_boost_steps": "6",
      "daoheur_entropy_thr": "0.95",
      "daoheur_entropy_mult": "1.5",
      "repeats": 1,
      "seed_start": 1,
      "seed_count": 40,
      "artifact_dirs": [
        "tests\\artifacts\\island10_open_20260204_110603_515"
      ],
      "errors": [
        null
      ],
      "metrics": {
        "detect_rate": {
          "mean": 0.7301587301587301,
          "ci95": [
            0.7301587301587301,
            0.7301587301587301
          ]
        },
        "recover_to_target_rate": {
          "mean": 0.7619047619047619,
          "ci95": [
            0.7619047619047619,
            0.7619047619047619
          ]
        },
        "regret_mean": {
          "mean": 194.8312761447029,
          "ci95": [
            194.8312761447029,
            194.8312761447029
          ]
        },
        "drawdown_auc_p95": {
          "mean": 695.3394444077882,
          "ci95": [
            695.3394444077882,
            695.3394444077882
          ]
        },
        "post_drift_regret_total": {
          "mean": 6575.775155415199,
          "ci95": [
            6575.775155415199,
            6575.775155415199
          ]
        },
        "law_pred_acc": {
          "mean": 0.775,
          "ci95": [
            0.775,
            0.775
          ]
        },
        "ece": {
          "mean": 0.21802890971628164,
          "ci95": [
            0.21802890971628164,
            0.21802890971628164
          ]
        }
      },
      "metrics_reps": [
        {
          "detect_rate": 0.7301587301587301,
          "recover_to_target_rate": 0.7619047619047619,
          "regret_mean": 194.8312761447029,
          "drawdown_auc_p95": 695.3394444077882,
          "post_drift_regret_total": 6575.775155415199,
          "law_pred_acc": 0.775,
          "ece": 0.21802890971628164
        }
      ],
      "rel_to_baseline": {
        "detect_rate": 1.0,
        "recover_to_target_rate": 1.0,
        "regret_mean": 1.0,
        "drawdown_auc_p95": 1.0,
        "post_drift_regret_total": 1.0
      },
      "passed_gate": true
    },
    {
      "name": "dao_heuristic_a0.05",
      "posterior": "dao_heuristic",
      "res_feats": "",
      "res_scale": "",
      "seq_eps": "",
      "seq_edge_decay": "",
      "seq_edge_lr": "",
      "seq_ll_scale": "",
      "seq_prior_scale": "",
      "daoheur_alpha": "0.05",
      "daoheur_scale": "6.0",
      "daoheur_boost_mult": "2.0",
      "daoheur_boost_steps": "6",
      "daoheur_entropy_thr": "0.95",
      "daoheur_entropy_mult": "1.5",
      "repeats": 1,
      "seed_start": 1,
      "seed_count": 40,
      "artifact_dirs": [
        "tests\\artifacts\\island10_open_20260204_110603_764"
      ],
      "errors": [
        null
      ],
      "metrics": {
        "detect_rate": {
          "mean": 0.7301587301587301,
          "ci95": [
            0.7301587301587301,
            0.7301587301587301
          ]
        },
        "recover_to_target_rate": {
          "mean": 0.7619047619047619,
          "ci95": [
            0.7619047619047619,
            0.7619047619047619
          ]
        },
        "regret_mean": {
          "mean": 194.8312761447029,
          "ci95": [
            194.8312761447029,
            194.8312761447029
          ]
        },
        "drawdown_auc_p95": {
          "mean": 695.3394444077882,
          "ci95": [
            695.3394444077882,
            695.3394444077882
          ]
        },
        "post_drift_regret_total": {
          "mean": 6575.775155415199,
          "ci95": [
            6575.775155415199,
            6575.775155415199
          ]
        },
        "law_pred_acc": {
          "mean": 0.775,
          "ci95": [
            0.775,
            0.775
          ]
        },
        "ece": {
          "mean": 0.21811646648579863,
          "ci95": [
            0.21811646648579863,
            0.21811646648579863
          ]
        }
      },
      "metrics_reps": [
        {
          "detect_rate": 0.7301587301587301,
          "recover_to_target_rate": 0.7619047619047619,
          "regret_mean": 194.8312761447029,
          "drawdown_auc_p95": 695.3394444077882,
          "post_drift_regret_total": 6575.775155415199,
          "law_pred_acc": 0.775,
          "ece": 0.21811646648579863
        }
      ],
      "rel_to_baseline": {
        "detect_rate": 1.0,
        "recover_to_target_rate": 1.0,
        "regret_mean": 1.0,
        "drawdown_auc_p95": 1.0,
        "post_drift_regret_total": 1.0
      },
      "passed_gate": true
    },
    {
      "name": "dao_heuristic_a0.10",
      "posterior": "dao_heuristic",
      "res_feats": "",
      "res_scale": "",
      "seq_eps": "",
      "seq_edge_decay": "",
      "seq_edge_lr": "",
      "seq_ll_scale": "",
      "seq_prior_scale": "",
      "daoheur_alpha": "0.10",
      "daoheur_scale": "6.0",
      "daoheur_boost_mult": "2.0",
      "daoheur_boost_steps": "6",
      "daoheur_entropy_thr": "0.95",
      "daoheur_entropy_mult": "1.5",
      "repeats": 1,
      "seed_start": 1,
      "seed_count": 40,
      "artifact_dirs": [
        "tests\\artifacts\\island10_open_20260204_110604_125"
      ],
      "errors": [
        null
      ],
      "metrics": {
        "detect_rate": {
          "mean": 0.7301587301587301,
          "ci95": [
            0.7301587301587301,
            0.7301587301587301
          ]
        },
        "recover_to_target_rate": {
          "mean": 0.7619047619047619,
          "ci95": [
            0.7619047619047619,
            0.7619047619047619
          ]
        },
        "regret_mean": {
          "mean": 193.01599937113664,
          "ci95": [
            193.01599937113664,
            193.01599937113664
          ]
        },
        "drawdown_auc_p95": {
          "mean": 695.3394444077882,
          "ci95": [
            695.3394444077882,
            695.3394444077882
          ]
        },
        "post_drift_regret_total": {
          "mean": 6518.593937047862,
          "ci95": [
            6518.593937047862,
            6518.593937047862
          ]
        },
        "law_pred_acc": {
          "mean": 0.775,
          "ci95": [
            0.775,
            0.775
          ]
        },
        "ece": {
          "mean": 0.21819733608349134,
          "ci95": [
            0.21819733608349134,
            0.21819733608349134
          ]
        }
      },
      "metrics_reps": [
        {
          "detect_rate": 0.7301587301587301,
          "recover_to_target_rate": 0.7619047619047619,
          "regret_mean": 193.01599937113664,
          "drawdown_auc_p95": 695.3394444077882,
          "post_drift_regret_total": 6518.593937047862,
          "law_pred_acc": 0.775,
          "ece": 0.21819733608349134
        }
      ],
      "rel_to_baseline": {
        "detect_rate": 1.0,
        "recover_to_target_rate": 1.0,
        "regret_mean": 0.9906828266514148,
        "drawdown_auc_p95": 1.0,
        "post_drift_regret_total": 0.9913042619286871
      },
      "passed_gate": true
    },
    {
      "name": "dao_heuristic_a0.15",
      "posterior": "dao_heuristic",
      "res_feats": "",
      "res_scale": "",
      "seq_eps": "",
      "seq_edge_decay": "",
      "seq_edge_lr": "",
      "seq_ll_scale": "",
      "seq_prior_scale": "",
      "daoheur_alpha": "0.15",
      "daoheur_scale": "6.0",
      "daoheur_boost_mult": "2.0",
      "daoheur_boost_steps": "6",
      "daoheur_entropy_thr": "0.95",
      "daoheur_entropy_mult": "1.5",
      "repeats": 1,
      "seed_start": 1,
      "seed_count": 40,
      "artifact_dirs": [
        "tests\\artifacts\\island10_open_20260204_110604_353"
      ],
      "errors": [
        null
      ],
      "metrics": {
        "detect_rate": {
          "mean": 0.7301587301587301,
          "ci95": [
            0.7301587301587301,
            0.7301587301587301
          ]
        },
        "recover_to_target_rate": {
          "mean": 0.7619047619047619,
          "ci95": [
            0.7619047619047619,
            0.7619047619047619
          ]
        },
        "regret_mean": {
          "mean": 193.01599937113664,
          "ci95": [
            193.01599937113664,
            193.01599937113664
          ]
        },
        "drawdown_auc_p95": {
          "mean": 695.3394444077882,
          "ci95": [
            695.3394444077882,
            695.3394444077882
          ]
        },
        "post_drift_regret_total": {
          "mean": 6518.593937047862,
          "ci95": [
            6518.593937047862,
            6518.593937047862
          ]
        },
        "law_pred_acc": {
          "mean": 0.775,
          "ci95": [
            0.775,
            0.775
          ]
        },
        "ece": {
          "mean": 0.21827082136051168,
          "ci95": [
            0.21827082136051168,
            0.21827082136051168
          ]
        }
      },
      "metrics_reps": [
        {
          "detect_rate": 0.7301587301587301,
          "recover_to_target_rate": 0.7619047619047619,
          "regret_mean": 193.01599937113664,
          "drawdown_auc_p95": 695.3394444077882,
          "post_drift_regret_total": 6518.593937047862,
          "law_pred_acc": 0.775,
          "ece": 0.21827082136051168
        }
      ],
      "rel_to_baseline": {
        "detect_rate": 1.0,
        "recover_to_target_rate": 1.0,
        "regret_mean": 0.9906828266514148,
        "drawdown_auc_p95": 1.0,
        "post_drift_regret_total": 0.9913042619286871
      },
      "passed_gate": true
    },
    {
      "name": "dao_heuristic_a0.20",
      "posterior": "dao_heuristic",
      "res_feats": "",
      "res_scale": "",
      "seq_eps": "",
      "seq_edge_decay": "",
      "seq_edge_lr": "",
      "seq_ll_scale": "",
      "seq_prior_scale": "",
      "daoheur_alpha": "0.20",
      "daoheur_scale": "6.0",
      "daoheur_boost_mult": "2.0",
      "daoheur_boost_steps": "6",
      "daoheur_entropy_thr": "0.95",
      "daoheur_entropy_mult": "1.5",
      "repeats": 1,
      "seed_start": 1,
      "seed_count": 40,
      "artifact_dirs": [
        "tests\\artifacts\\island10_open_20260204_110604_582"
      ],
      "errors": [
        null
      ],
      "metrics": {
        "detect_rate": {
          "mean": 0.7301587301587301,
          "ci95": [
            0.7301587301587301,
            0.7301587301587301
          ]
        },
        "recover_to_target_rate": {
          "mean": 0.7936507936507936,
          "ci95": [
            0.7936507936507936,
            0.7936507936507936
          ]
        },
        "regret_mean": {
          "mean": 189.0789578785131,
          "ci95": [
            189.0789578785131,
            189.0789578785131
          ]
        },
        "drawdown_auc_p95": {
          "mean": 695.3394444077882,
          "ci95": [
            695.3394444077882,
            695.3394444077882
          ]
        },
        "post_drift_regret_total": {
          "mean": 6389.3244940195245,
          "ci95": [
            6389.3244940195245,
            6389.3244940195245
          ]
        },
        "law_pred_acc": {
          "mean": 0.8,
          "ci95": [
            0.8,
            0.8
          ]
        },
        "ece": {
          "mean": 0.1933097030310118,
          "ci95": [
            0.1933097030310118,
            0.1933097030310118
          ]
        }
      },
      "metrics_reps": [
        {
          "detect_rate": 0.7301587301587301,
          "recover_to_target_rate": 0.7936507936507936,
          "regret_mean": 189.0789578785131,
          "drawdown_auc_p95": 695.3394444077882,
          "post_drift_regret_total": 6389.3244940195245,
          "law_pred_acc": 0.8,
          "ece": 0.1933097030310118
        }
      ],
      "rel_to_baseline": {
        "detect_rate": 1.0,
        "recover_to_target_rate": 1.0416666666666667,
        "regret_mean": 0.9704753857798606,
        "drawdown_auc_p95": 1.0,
        "post_drift_regret_total": 0.9716458277558151
      },
      "passed_gate": true
    },
    {
      "name": "dao_heuristic_a0.25",
      "posterior": "dao_heuristic",
      "res_feats": "",
      "res_scale": "",
      "seq_eps": "",
      "seq_edge_decay": "",
      "seq_edge_lr": "",
      "seq_ll_scale": "",
      "seq_prior_scale": "",
      "daoheur_alpha": "0.25",
      "daoheur_scale": "6.0",
      "daoheur_boost_mult": "2.0",
      "daoheur_boost_steps": "6",
      "daoheur_entropy_thr": "0.95",
      "daoheur_entropy_mult": "1.5",
      "repeats": 1,
      "seed_start": 1,
      "seed_count": 40,
      "artifact_dirs": [
        "tests\\artifacts\\island10_open_20260204_110604_811"
      ],
      "errors": [
        null
      ],
      "metrics": {
        "detect_rate": {
          "mean": 0.7301587301587301,
          "ci95": [
            0.7301587301587301,
            0.7301587301587301
          ]
        },
        "recover_to_target_rate": {
          "mean": 0.7936507936507936,
          "ci95": [
            0.7936507936507936,
            0.7936507936507936
          ]
        },
        "regret_mean": {
          "mean": 189.0789578785131,
          "ci95": [
            189.0789578785131,
            189.0789578785131
          ]
        },
        "drawdown_auc_p95": {
          "mean": 695.3394444077882,
          "ci95": [
            695.3394444077882,
            695.3394444077882
          ]
        },
        "post_drift_regret_total": {
          "mean": 6389.3244940195245,
          "ci95": [
            6389.3244940195245,
            6389.3244940195245
          ]
        },
        "law_pred_acc": {
          "mean": 0.8,
          "ci95": [
            0.8,
            0.8
          ]
        },
        "ece": {
          "mean": 0.1933604184737484,
          "ci95": [
            0.1933604184737484,
            0.1933604184737484
          ]
        }
      },
      "metrics_reps": [
        {
          "detect_rate": 0.7301587301587301,
          "recover_to_target_rate": 0.7936507936507936,
          "regret_mean": 189.0789578785131,
          "drawdown_auc_p95": 695.3394444077882,
          "post_drift_regret_total": 6389.3244940195245,
          "law_pred_acc": 0.8,
          "ece": 0.1933604184737484
        }
      ],
      "rel_to_baseline": {
        "detect_rate": 1.0,
        "recover_to_target_rate": 1.0416666666666667,
        "regret_mean": 0.9704753857798606,
        "drawdown_auc_p95": 1.0,
        "post_drift_regret_total": 0.9716458277558151
      },
      "passed_gate": true
    },
    {
      "name": "dao_heuristic_a0.30",
      "posterior": "dao_heuristic",
      "res_feats": "",
      "res_scale": "",
      "seq_eps": "",
      "seq_edge_decay": "",
      "seq_edge_lr": "",
      "seq_ll_scale": "",
      "seq_prior_scale": "",
      "daoheur_alpha": "0.30",
      "daoheur_scale": "6.0",
      "daoheur_boost_mult": "2.0",
      "daoheur_boost_steps": "6",
      "daoheur_entropy_thr": "0.95",
      "daoheur_entropy_mult": "1.5",
      "repeats": 1,
      "seed_start": 1,
      "seed_count": 40,
      "artifact_dirs": [
        "tests\\artifacts\\island10_open_20260204_110605_039"
      ],
      "errors": [
        null
      ],
      "metrics": {
        "detect_rate": {
          "mean": 0.7301587301587301,
          "ci95": [
            0.7301587301587301,
            0.7301587301587301
          ]
        },
        "recover_to_target_rate": {
          "mean": 0.7936507936507936,
          "ci95": [
            0.7936507936507936,
            0.7936507936507936
          ]
        },
        "regret_mean": {
          "mean": 189.0789578785131,
          "ci95": [
            189.0789578785131,
            189.0789578785131
          ]
        },
        "drawdown_auc_p95": {
          "mean": 695.3394444077882,
          "ci95": [
            695.3394444077882,
            695.3394444077882
          ]
        },
        "post_drift_regret_total": {
          "mean": 6389.3244940195245,
          "ci95": [
            6389.3244940195245,
            6389.3244940195245
          ]
        },
        "law_pred_acc": {
          "mean": 0.8,
          "ci95": [
            0.8,
            0.8
          ]
        },
        "ece": {
          "mean": 0.19340378902751976,
          "ci95": [
            0.19340378902751976,
            0.19340378902751976
          ]
        }
      },
      "metrics_reps": [
        {
          "detect_rate": 0.7301587301587301,
          "recover_to_target_rate": 0.7936507936507936,
          "regret_mean": 189.0789578785131,
          "drawdown_auc_p95": 695.3394444077882,
          "post_drift_regret_total": 6389.3244940195245,
          "law_pred_acc": 0.8,
          "ece": 0.19340378902751976
        }
      ],
      "rel_to_baseline": {
        "detect_rate": 1.0,
        "recover_to_target_rate": 1.0416666666666667,
        "regret_mean": 0.9704753857798606,
        "drawdown_auc_p95": 1.0,
        "post_drift_regret_total": 0.9716458277558151
      },
      "passed_gate": true
    },
    {
      "name": "dao_heuristic_a0.20_adapt_strong",
      "posterior": "dao_heuristic",
      "res_feats": "",
      "res_scale": "",
      "seq_eps": "",
      "seq_edge_decay": "",
      "seq_edge_lr": "",
      "seq_ll_scale": "",
      "seq_prior_scale": "",
      "daoheur_alpha": "0.20",
      "daoheur_scale": "6.0",
      "daoheur_boost_mult": "3.0",
      "daoheur_boost_steps": "8",
      "daoheur_entropy_thr": "0.90",
      "daoheur_entropy_mult": "2.0",
      "repeats": 1,
      "seed_start": 1,
      "seed_count": 40,
      "artifact_dirs": [
        "tests\\artifacts\\island10_open_20260204_110605_267"
      ],
      "errors": [
        null
      ],
      "metrics": {
        "detect_rate": {
          "mean": 0.7301587301587301,
          "ci95": [
            0.7301587301587301,
            0.7301587301587301
          ]
        },
        "recover_to_target_rate": {
          "mean": 0.7936507936507936,
          "ci95": [
            0.7936507936507936,
            0.7936507936507936
          ]
        },
        "regret_mean": {
          "mean": 189.0789578785131,
          "ci95": [
            189.0789578785131,
            189.0789578785131
          ]
        },
        "drawdown_auc_p95": {
          "mean": 695.3394444077882,
          "ci95": [
            695.3394444077882,
            695.3394444077882
          ]
        },
        "post_drift_regret_total": {
          "mean": 6389.3244940195245,
          "ci95": [
            6389.3244940195245,
            6389.3244940195245
          ]
        },
        "law_pred_acc": {
          "mean": 0.8,
          "ci95": [
            0.8,
            0.8
          ]
        },
        "ece": {
          "mean": 0.1933097030310118,
          "ci95": [
            0.1933097030310118,
            0.1933097030310118
          ]
        }
      },
      "metrics_reps": [
        {
          "detect_rate": 0.7301587301587301,
          "recover_to_target_rate": 0.7936507936507936,
          "regret_mean": 189.0789578785131,
          "drawdown_auc_p95": 695.3394444077882,
          "post_drift_regret_total": 6389.3244940195245,
          "law_pred_acc": 0.8,
          "ece": 0.1933097030310118
        }
      ],
      "rel_to_baseline": {
        "detect_rate": 1.0,
        "recover_to_target_rate": 1.0416666666666667,
        "regret_mean": 0.9704753857798606,
        "drawdown_auc_p95": 1.0,
        "post_drift_regret_total": 0.9716458277558151
      },
      "passed_gate": true
    },
    {
      "name": "dao_heuristic_a0.20_s4.0",
      "posterior": "dao_heuristic",
      "res_feats": "",
      "res_scale": "",
      "seq_eps": "",
      "seq_edge_decay": "",
      "seq_edge_lr": "",
      "seq_ll_scale": "",
      "seq_prior_scale": "",
      "daoheur_alpha": "0.20",
      "daoheur_scale": "4.0",
      "daoheur_boost_mult": "2.0",
      "daoheur_boost_steps": "6",
      "daoheur_entropy_thr": "0.95",
      "daoheur_entropy_mult": "1.5",
      "repeats": 1,
      "seed_start": 1,
      "seed_count": 40,
      "artifact_dirs": [
        "tests\\artifacts\\island10_open_20260204_110605_498"
      ],
      "errors": [
        null
      ],
      "metrics": {
        "detect_rate": {
          "mean": 0.7301587301587301,
          "ci95": [
            0.7301587301587301,
            0.7301587301587301
          ]
        },
        "recover_to_target_rate": {
          "mean": 0.7619047619047619,
          "ci95": [
            0.7619047619047619,
            0.7619047619047619
          ]
        },
        "regret_mean": {
          "mean": 193.01599937113664,
          "ci95": [
            193.01599937113664,
            193.01599937113664
          ]
        },
        "drawdown_auc_p95": {
          "mean": 695.3394444077882,
          "ci95": [
            695.3394444077882,
            695.3394444077882
          ]
        },
        "post_drift_regret_total": {
          "mean": 6518.593937047862,
          "ci95": [
            6518.593937047862,
            6518.593937047862
          ]
        },
        "law_pred_acc": {
          "mean": 0.775,
          "ci95": [
            0.775,
            0.775
          ]
        },
        "ece": {
          "mean": 0.2182470525331649,
          "ci95": [
            0.2182470525331649,
            0.2182470525331649
          ]
        }
      },
      "metrics_reps": [
        {
          "detect_rate": 0.7301587301587301,
          "recover_to_target_rate": 0.7619047619047619,
          "regret_mean": 193.01599937113664,
          "drawdown_auc_p95": 695.3394444077882,
          "post_drift_regret_total": 6518.593937047862,
          "law_pred_acc": 0.775,
          "ece": 0.2182470525331649
        }
      ],
      "rel_to_baseline": {
        "detect_rate": 1.0,
        "recover_to_target_rate": 1.0,
        "regret_mean": 0.9906828266514148,
        "drawdown_auc_p95": 1.0,
        "post_drift_regret_total": 0.9913042619286871
      },
      "passed_gate": true
    },
    {
      "name": "dao_heuristic_a0.20_s6.0",
      "posterior": "dao_heuristic",
      "res_feats": "",
      "res_scale": "",
      "seq_eps": "",
      "seq_edge_decay": "",
      "seq_edge_lr": "",
      "seq_ll_scale": "",
      "seq_prior_scale": "",
      "daoheur_alpha": "0.20",
      "daoheur_scale": "6.0",
      "daoheur_boost_mult": "2.0",
      "daoheur_boost_steps": "6",
      "daoheur_entropy_thr": "0.95",
      "daoheur_entropy_mult": "1.5",
      "repeats": 1,
      "seed_start": 1,
      "seed_count": 40,
      "artifact_dirs": [
        "tests\\artifacts\\island10_open_20260204_110605_724"
      ],
      "errors": [
        null
      ],
      "metrics": {
        "detect_rate": {
          "mean": 0.7301587301587301,
          "ci95": [
            0.7301587301587301,
            0.7301587301587301
          ]
        },
        "recover_to_target_rate": {
          "mean": 0.7936507936507936,
          "ci95": [
            0.7936507936507936,
            0.7936507936507936
          ]
        },
        "regret_mean": {
          "mean": 189.0789578785131,
          "ci95": [
            189.0789578785131,
            189.0789578785131
          ]
        },
        "drawdown_auc_p95": {
          "mean": 695.3394444077882,
          "ci95": [
            695.3394444077882,
            695.3394444077882
          ]
        },
        "post_drift_regret_total": {
          "mean": 6389.3244940195245,
          "ci95": [
            6389.3244940195245,
            6389.3244940195245
          ]
        },
        "law_pred_acc": {
          "mean": 0.8,
          "ci95": [
            0.8,
            0.8
          ]
        },
        "ece": {
          "mean": 0.1933097030310118,
          "ci95": [
            0.1933097030310118,
            0.1933097030310118
          ]
        }
      },
      "metrics_reps": [
        {
          "detect_rate": 0.7301587301587301,
          "recover_to_target_rate": 0.7936507936507936,
          "regret_mean": 189.0789578785131,
          "drawdown_auc_p95": 695.3394444077882,
          "post_drift_regret_total": 6389.3244940195245,
          "law_pred_acc": 0.8,
          "ece": 0.1933097030310118
        }
      ],
      "rel_to_baseline": {
        "detect_rate": 1.0,
        "recover_to_target_rate": 1.0416666666666667,
        "regret_mean": 0.9704753857798606,
        "drawdown_auc_p95": 1.0,
        "post_drift_regret_total": 0.9716458277558151
      },
      "passed_gate": true
    },
    {
      "name": "dao_heuristic_a0.20_s8.0",
      "posterior": "dao_heuristic",
      "res_feats": "",
      "res_scale": "",
      "seq_eps": "",
      "seq_edge_decay": "",
      "seq_edge_lr": "",
      "seq_ll_scale": "",
      "seq_prior_scale": "",
      "daoheur_alpha": "0.20",
      "daoheur_scale": "8.0",
      "daoheur_boost_mult": "2.0",
      "daoheur_boost_steps": "6",
      "daoheur_entropy_thr": "0.95",
      "daoheur_entropy_mult": "1.5",
      "repeats": 1,
      "seed_start": 1,
      "seed_count": 40,
      "artifact_dirs": [
        "tests\\artifacts\\island10_open_20260204_110605_945"
      ],
      "errors": [
        null
      ],
      "metrics": {
        "detect_rate": {
          "mean": 0.7301587301587301,
          "ci95": [
            0.7301587301587301,
            0.7301587301587301
          ]
        },
        "recover_to_target_rate": {
          "mean": 0.7936507936507936,
          "ci95": [
            0.7936507936507936,
            0.7936507936507936
          ]
        },
        "regret_mean": {
          "mean": 189.0789578785131,
          "ci95": [
            189.0789578785131,
            189.0789578785131
          ]
        },
        "drawdown_auc_p95": {
          "mean": 695.3394444077882,
          "ci95": [
            695.3394444077882,
            695.3394444077882
          ]
        },
        "post_drift_regret_total": {
          "mean": 6389.3244940195245,
          "ci95": [
            6389.3244940195245,
            6389.3244940195245
          ]
        },
        "law_pred_acc": {
          "mean": 0.8,
          "ci95": [
            0.8,
            0.8
          ]
        },
        "ece": {
          "mean": 0.19337568789803194,
          "ci95": [
            0.19337568789803194,
            0.19337568789803194
          ]
        }
      },
      "metrics_reps": [
        {
          "detect_rate": 0.7301587301587301,
          "recover_to_target_rate": 0.7936507936507936,
          "regret_mean": 189.0789578785131,
          "drawdown_auc_p95": 695.3394444077882,
          "post_drift_regret_total": 6389.3244940195245,
          "law_pred_acc": 0.8,
          "ece": 0.19337568789803194
        }
      ],
      "rel_to_baseline": {
        "detect_rate": 1.0,
        "recover_to_target_rate": 1.0416666666666667,
        "regret_mean": 0.9704753857798606,
        "drawdown_auc_p95": 1.0,
        "post_drift_regret_total": 0.9716458277558151
      },
      "passed_gate": true
    },
    {
      "name": "dao_heuristic_a0.20_s10.0",
      "posterior": "dao_heuristic",
      "res_feats": "",
      "res_scale": "",
      "seq_eps": "",
      "seq_edge_decay": "",
      "seq_edge_lr": "",
      "seq_ll_scale": "",
      "seq_prior_scale": "",
      "daoheur_alpha": "0.20",
      "daoheur_scale": "10.0",
      "daoheur_boost_mult": "2.0",
      "daoheur_boost_steps": "6",
      "daoheur_entropy_thr": "0.95",
      "daoheur_entropy_mult": "1.5",
      "repeats": 1,
      "seed_start": 1,
      "seed_count": 40,
      "artifact_dirs": [
        "tests\\artifacts\\island10_open_20260204_110606_176"
      ],
      "errors": [
        null
      ],
      "metrics": {
        "detect_rate": {
          "mean": 0.7301587301587301,
          "ci95": [
            0.7301587301587301,
            0.7301587301587301
          ]
        },
        "recover_to_target_rate": {
          "mean": 0.7936507936507936,
          "ci95": [
            0.7936507936507936,
            0.7936507936507936
          ]
        },
        "regret_mean": {
          "mean": 189.0789578785131,
          "ci95": [
            189.0789578785131,
            189.0789578785131
          ]
        },
        "drawdown_auc_p95": {
          "mean": 695.3394444077882,
          "ci95": [
            695.3394444077882,
            695.3394444077882
          ]
        },
        "post_drift_regret_total": {
          "mean": 6389.3244940195245,
          "ci95": [
            6389.3244940195245,
            6389.3244940195245
          ]
        },
        "law_pred_acc": {
          "mean": 0.8,
          "ci95": [
            0.8,
            0.8
          ]
        },
        "ece": {
          "mean": 0.19342864448171693,
          "ci95": [
            0.19342864448171693,
            0.19342864448171693
          ]
        }
      },
      "metrics_reps": [
        {
          "detect_rate": 0.7301587301587301,
          "recover_to_target_rate": 0.7936507936507936,
          "regret_mean": 189.0789578785131,
          "drawdown_auc_p95": 695.3394444077882,
          "post_drift_regret_total": 6389.3244940195245,
          "law_pred_acc": 0.8,
          "ece": 0.19342864448171693
        }
      ],
      "rel_to_baseline": {
        "detect_rate": 1.0,
        "recover_to_target_rate": 1.0416666666666667,
        "regret_mean": 0.9704753857798606,
        "drawdown_auc_p95": 1.0,
        "post_drift_regret_total": 0.9716458277558151
      },
      "passed_gate": true
    },
    {
      "name": "world_signature",
      "posterior": "world_signature",
      "res_feats": "",
      "res_scale": "",
      "seq_eps": "",
      "seq_edge_decay": "",
      "seq_edge_lr": "",
      "seq_ll_scale": "",
      "seq_prior_scale": "",
      "daoheur_alpha": "",
      "daoheur_scale": "",
      "daoheur_boost_mult": "",
      "daoheur_boost_steps": "",
      "daoheur_entropy_thr": "",
      "daoheur_entropy_mult": "",
      "repeats": 1,
      "seed_start": 1,
      "seed_count": 40,
      "artifact_dirs": [
        "tests\\artifacts\\island10_open_20260204_110606_398"
      ],
      "errors": [
        "AssertionError: 0.5555555555555556 not greater than or equal to 0.6"
      ],
      "metrics": {
        "detect_rate": {
          "mean": 0.5555555555555556,
          "ci95": [
            0.5555555555555556,
            0.5555555555555556
          ]
        },
        "recover_to_target_rate": {
          "mean": 0.7777777777777778,
          "ci95": [
            0.7777777777777778,
            0.7777777777777778
          ]
        },
        "regret_mean": {
          "mean": 226.84423698888236,
          "ci95": [
            226.84423698888236,
            226.84423698888236
          ]
        },
        "drawdown_auc_p95": {
          "mean": 975.5457581145228,
          "ci95": [
            975.5457581145228,
            975.5457581145228
          ]
        },
        "post_drift_regret_total": {
          "mean": 7673.994476315207,
          "ci95": [
            7673.994476315207,
            7673.994476315207
          ]
        },
        "law_pred_acc": {
          "mean": 0.65,
          "ci95": [
            0.65,
            0.65
          ]
        },
        "ece": {
          "mean": 0.284927399103888,
          "ci95": [
            0.284927399103888,
            0.284927399103888
          ]
        }
      },
      "metrics_reps": [
        {
          "detect_rate": 0.5555555555555556,
          "recover_to_target_rate": 0.7777777777777778,
          "regret_mean": 226.84423698888236,
          "drawdown_auc_p95": 975.5457581145228,
          "post_drift_regret_total": 7673.994476315207,
          "law_pred_acc": 0.65,
          "ece": 0.284927399103888
        }
      ],
      "rel_to_baseline": {
        "detect_rate": 0.7608695652173914,
        "recover_to_target_rate": 1.0208333333333335,
        "regret_mean": 1.1643112003249578,
        "drawdown_auc_p95": 1.4029777340553184,
        "post_drift_regret_total": 1.1670098649884062
      },
      "passed_gate": false
    },
    {
      "name": "engine_res_all",
      "posterior": "engine_resonance",
      "res_feats": "all",
      "res_scale": "12.0",
      "seq_eps": "",
      "seq_edge_decay": "",
      "seq_edge_lr": "",
      "seq_ll_scale": "",
      "seq_prior_scale": "",
      "daoheur_alpha": "",
      "daoheur_scale": "",
      "daoheur_boost_mult": "",
      "daoheur_boost_steps": "",
      "daoheur_entropy_thr": "",
      "daoheur_entropy_mult": "",
      "repeats": 1,
      "seed_start": 1,
      "seed_count": 40,
      "artifact_dirs": [
        "tests\\artifacts\\island10_open_20260204_110606_643"
      ],
      "errors": [
        "AssertionError: 0.5714285714285714 not greater than or equal to 0.6"
      ],
      "metrics": {
        "detect_rate": {
          "mean": 0.5714285714285714,
          "ci95": [
            0.5714285714285714,
            0.5714285714285714
          ]
        },
        "recover_to_target_rate": {
          "mean": 0.6825396825396826,
          "ci95": [
            0.6825396825396826,
            0.6825396825396826
          ]
        },
        "regret_mean": {
          "mean": 286.1156044618324,
          "ci95": [
            286.1156044618324,
            286.1156044618324
          ]
        },
        "drawdown_auc_p95": {
          "mean": 840.7105140072446,
          "ci95": [
            840.7105140072446,
            840.7105140072446
          ]
        },
        "post_drift_regret_total": {
          "mean": 10787.649047278748,
          "ci95": [
            10787.649047278748,
            10787.649047278748
          ]
        },
        "law_pred_acc": {
          "mean": 0.6,
          "ci95": [
            0.6,
            0.6
          ]
        },
        "ece": {
          "mean": 0.3767350585997055,
          "ci95": [
            0.3767350585997055,
            0.3767350585997055
          ]
        }
      },
      "metrics_reps": [
        {
          "detect_rate": 0.5714285714285714,
          "recover_to_target_rate": 0.6825396825396826,
          "regret_mean": 286.1156044618324,
          "drawdown_auc_p95": 840.7105140072446,
          "post_drift_regret_total": 10787.649047278748,
          "law_pred_acc": 0.6,
          "ece": 0.3767350585997055
        }
      ],
      "rel_to_baseline": {
        "detect_rate": 0.782608695652174,
        "recover_to_target_rate": 0.8958333333333334,
        "regret_mean": 1.4685301565716369,
        "drawdown_auc_p95": 1.2090648973944906,
        "post_drift_regret_total": 1.640513672125033
      },
      "passed_gate": false
    },
    {
      "name": "engine_res_core",
      "posterior": "engine_resonance",
      "res_feats": "drop,var,flips,action",
      "res_scale": "12.0",
      "seq_eps": "",
      "seq_edge_decay": "",
      "seq_edge_lr": "",
      "seq_ll_scale": "",
      "seq_prior_scale": "",
      "daoheur_alpha": "",
      "daoheur_scale": "",
      "daoheur_boost_mult": "",
      "daoheur_boost_steps": "",
      "daoheur_entropy_thr": "",
      "daoheur_entropy_mult": "",
      "repeats": 1,
      "seed_start": 1,
      "seed_count": 40,
      "artifact_dirs": [
        "tests\\artifacts\\island10_open_20260204_110606_891"
      ],
      "errors": [
        "AssertionError: 0.49206349206349204 not greater than or equal to 0.6"
      ],
      "metrics": {
        "detect_rate": {
          "mean": 0.49206349206349204,
          "ci95": [
            0.49206349206349204,
            0.49206349206349204
          ]
        },
        "recover_to_target_rate": {
          "mean": 0.7777777777777778,
          "ci95": [
            0.7777777777777778,
            0.7777777777777778
          ]
        },
        "regret_mean": {
          "mean": 226.9736754193704,
          "ci95": [
            226.9736754193704,
            226.9736754193704
          ]
        },
        "drawdown_auc_p95": {
          "mean": 819.1770996684045,
          "ci95": [
            819.1770996684045,
            819.1770996684045
          ]
        },
        "post_drift_regret_total": {
          "mean": 7681.455829066153,
          "ci95": [
            7681.455829066153,
            7681.455829066153
          ]
        },
        "law_pred_acc": {
          "mean": 0.45,
          "ci95": [
            0.45,
            0.45
          ]
        },
        "ece": {
          "mean": 0.537735657223412,
          "ci95": [
            0.537735657223412,
            0.537735657223412
          ]
        }
      },
      "metrics_reps": [
        {
          "detect_rate": 0.49206349206349204,
          "recover_to_target_rate": 0.7777777777777778,
          "regret_mean": 226.9736754193704,
          "drawdown_auc_p95": 819.1770996684045,
          "post_drift_regret_total": 7681.455829066153,
          "law_pred_acc": 0.45,
          "ece": 0.537735657223412
        }
      ],
      "rel_to_baseline": {
        "detect_rate": 0.6739130434782609,
        "recover_to_target_rate": 1.0208333333333335,
        "regret_mean": 1.1649755619872604,
        "drawdown_auc_p95": 1.1780966925673075,
        "post_drift_regret_total": 1.1681445377189361
      },
      "passed_gate": false
    },
    {
      "name": "engine_res_no_budget_deg",
      "posterior": "engine_resonance",
      "res_feats": "drop,var,energy_mean,phase_ratio,flips,action",
      "res_scale": "12.0",
      "seq_eps": "",
      "seq_edge_decay": "",
      "seq_edge_lr": "",
      "seq_ll_scale": "",
      "seq_prior_scale": "",
      "daoheur_alpha": "",
      "daoheur_scale": "",
      "daoheur_boost_mult": "",
      "daoheur_boost_steps": "",
      "daoheur_entropy_thr": "",
      "daoheur_entropy_mult": "",
      "repeats": 1,
      "seed_start": 1,
      "seed_count": 40,
      "artifact_dirs": [
        "tests\\artifacts\\island10_open_20260204_110607_126"
      ],
      "errors": [
        "AssertionError: 0.5873015873015873 not greater than or equal to 0.6"
      ],
      "metrics": {
        "detect_rate": {
          "mean": 0.5873015873015873,
          "ci95": [
            0.5873015873015873,
            0.5873015873015873
          ]
        },
        "recover_to_target_rate": {
          "mean": 0.7936507936507936,
          "ci95": [
            0.7936507936507936,
            0.7936507936507936
          ]
        },
        "regret_mean": {
          "mean": 218.20159387640166,
          "ci95": [
            218.20159387640166,
            218.20159387640166
          ]
        },
        "drawdown_auc_p95": {
          "mean": 819.1770996684045,
          "ci95": [
            819.1770996684045,
            819.1770996684045
          ]
        },
        "post_drift_regret_total": {
          "mean": 7384.782465930547,
          "ci95": [
            7384.782465930547,
            7384.782465930547
          ]
        },
        "law_pred_acc": {
          "mean": 0.575,
          "ci95": [
            0.575,
            0.575
          ]
        },
        "ece": {
          "mean": 0.3833838409713401,
          "ci95": [
            0.3833838409713401,
            0.3833838409713401
          ]
        }
      },
      "metrics_reps": [
        {
          "detect_rate": 0.5873015873015873,
          "recover_to_target_rate": 0.7936507936507936,
          "regret_mean": 218.20159387640166,
          "drawdown_auc_p95": 819.1770996684045,
          "post_drift_regret_total": 7384.782465930547,
          "law_pred_acc": 0.575,
          "ece": 0.3833838409713401
        }
      ],
      "rel_to_baseline": {
        "detect_rate": 0.8043478260869567,
        "recover_to_target_rate": 1.0416666666666667,
        "regret_mean": 1.1199515714014079,
        "drawdown_auc_p95": 1.1780966925673075,
        "post_drift_regret_total": 1.1230284326022195
      },
      "passed_gate": false
    },
    {
      "name": "engine_res_scale_8",
      "posterior": "engine_resonance",
      "res_feats": "all",
      "res_scale": "8.0",
      "seq_eps": "",
      "seq_edge_decay": "",
      "seq_edge_lr": "",
      "seq_ll_scale": "",
      "seq_prior_scale": "",
      "daoheur_alpha": "",
      "daoheur_scale": "",
      "daoheur_boost_mult": "",
      "daoheur_boost_steps": "",
      "daoheur_entropy_thr": "",
      "daoheur_entropy_mult": "",
      "repeats": 1,
      "seed_start": 1,
      "seed_count": 40,
      "artifact_dirs": [
        "tests\\artifacts\\island10_open_20260204_110607_355"
      ],
      "errors": [
        "AssertionError: 0.5555555555555556 not greater than or equal to 0.6"
      ],
      "metrics": {
        "detect_rate": {
          "mean": 0.5555555555555556,
          "ci95": [
            0.5555555555555556,
            0.5555555555555556
          ]
        },
        "recover_to_target_rate": {
          "mean": 0.6825396825396826,
          "ci95": [
            0.6825396825396826,
            0.6825396825396826
          ]
        },
        "regret_mean": {
          "mean": 287.9230462085935,
          "ci95": [
            287.9230462085935,
            287.9230462085935
          ]
        },
        "drawdown_auc_p95": {
          "mean": 851.681319025653,
          "ci95": [
            851.681319025653,
            851.681319025653
          ]
        },
        "post_drift_regret_total": {
          "mean": 10863.819204858613,
          "ci95": [
            10863.819204858613,
            10863.819204858613
          ]
        },
        "law_pred_acc": {
          "mean": 0.5,
          "ci95": [
            0.5,
            0.5
          ]
        },
        "ece": {
          "mean": 0.4506889755963447,
          "ci95": [
            0.4506889755963447,
            0.4506889755963447
          ]
        }
      },
      "metrics_reps": [
        {
          "detect_rate": 0.5555555555555556,
          "recover_to_target_rate": 0.6825396825396826,
          "regret_mean": 287.9230462085935,
          "drawdown_auc_p95": 851.681319025653,
          "post_drift_regret_total": 10863.819204858613,
          "law_pred_acc": 0.5,
          "ece": 0.4506889755963447
        }
      ],
      "rel_to_baseline": {
        "detect_rate": 0.7608695652173914,
        "recover_to_target_rate": 0.8958333333333334,
        "regret_mean": 1.4778071155000316,
        "drawdown_auc_p95": 1.2248425224187005,
        "post_drift_regret_total": 1.6520971213427482
      },
      "passed_gate": false
    },
    {
      "name": "engine_res_scale_16",
      "posterior": "engine_resonance",
      "res_feats": "all",
      "res_scale": "16.0",
      "seq_eps": "",
      "seq_edge_decay": "",
      "seq_edge_lr": "",
      "seq_ll_scale": "",
      "seq_prior_scale": "",
      "daoheur_alpha": "",
      "daoheur_scale": "",
      "daoheur_boost_mult": "",
      "daoheur_boost_steps": "",
      "daoheur_entropy_thr": "",
      "daoheur_entropy_mult": "",
      "repeats": 1,
      "seed_start": 1,
      "seed_count": 40,
      "artifact_dirs": [
        "tests\\artifacts\\island10_open_20260204_110607_601"
      ],
      "errors": [
        "AssertionError: 0.5873015873015873 not greater than or equal to 0.6"
      ],
      "metrics": {
        "detect_rate": {
          "mean": 0.5873015873015873,
          "ci95": [
            0.5873015873015873,
            0.5873015873015873
          ]
        },
        "recover_to_target_rate": {
          "mean": 0.7936507936507936,
          "ci95": [
            0.7936507936507936,
            0.7936507936507936
          ]
        },
        "regret_mean": {
          "mean": 218.20159387640166,
          "ci95": [
            218.20159387640166,
            218.20159387640166
          ]
        },
        "drawdown_auc_p95": {
          "mean": 819.1770996684045,
          "ci95": [
            819.1770996684045,
            819.1770996684045
          ]
        },
        "post_drift_regret_total": {
          "mean": 7384.782465930547,
          "ci95": [
            7384.782465930547,
            7384.782465930547
          ]
        },
        "law_pred_acc": {
          "mean": 0.575,
          "ci95": [
            0.575,
            0.575
          ]
        },
        "ece": {
          "mean": 0.38338384097134004,
          "ci95": [
            0.38338384097134004,
            0.38338384097134004
          ]
        }
      },
      "metrics_reps": [
        {
          "detect_rate": 0.5873015873015873,
          "recover_to_target_rate": 0.7936507936507936,
          "regret_mean": 218.20159387640166,
          "drawdown_auc_p95": 819.1770996684045,
          "post_drift_regret_total": 7384.782465930547,
          "law_pred_acc": 0.575,
          "ece": 0.38338384097134004
        }
      ],
      "rel_to_baseline": {
        "detect_rate": 0.8043478260869567,
        "recover_to_target_rate": 1.0416666666666667,
        "regret_mean": 1.1199515714014079,
        "drawdown_auc_p95": 1.1780966925673075,
        "post_drift_regret_total": 1.1230284326022195
      },
      "passed_gate": false
    },
    {
      "name": "engine_seq_default",
      "posterior": "engine_sequence",
      "res_feats": "",
      "res_scale": "",
      "seq_eps": "0.001",
      "seq_edge_decay": "0.98",
      "seq_edge_lr": "0.25",
      "seq_ll_scale": "6.0",
      "seq_prior_scale": "0.6",
      "daoheur_alpha": "",
      "daoheur_scale": "",
      "daoheur_boost_mult": "",
      "daoheur_boost_steps": "",
      "daoheur_entropy_thr": "",
      "daoheur_entropy_mult": "",
      "repeats": 1,
      "seed_start": 1,
      "seed_count": 40,
      "artifact_dirs": [
        "tests\\artifacts\\island10_open_20260204_110607_838"
      ],
      "errors": [
        null
      ],
      "metrics": {
        "detect_rate": {
          "mean": 0.6190476190476191,
          "ci95": [
            0.6190476190476191,
            0.6190476190476191
          ]
        },
        "recover_to_target_rate": {
          "mean": 0.5396825396825397,
          "ci95": [
            0.5396825396825397,
            0.5396825396825397
          ]
        },
        "regret_mean": {
          "mean": 365.7900580626327,
          "ci95": [
            365.7900580626327,
            365.7900580626327
          ]
        },
        "drawdown_auc_p95": {
          "mean": 1053.4484501594231,
          "ci95": [
            1053.4484501594231,
            1053.4484501594231
          ]
        },
        "post_drift_regret_total": {
          "mean": 13622.483356997984,
          "ci95": [
            13622.483356997984,
            13622.483356997984
          ]
        },
        "law_pred_acc": {
          "mean": 0.575,
          "ci95": [
            0.575,
            0.575
          ]
        },
        "ece": {
          "mean": 0.37303456326141227,
          "ci95": [
            0.37303456326141227,
            0.37303456326141227
          ]
        }
      },
      "metrics_reps": [
        {
          "detect_rate": 0.6190476190476191,
          "recover_to_target_rate": 0.5396825396825397,
          "regret_mean": 365.7900580626327,
          "drawdown_auc_p95": 1053.4484501594231,
          "post_drift_regret_total": 13622.483356997984,
          "law_pred_acc": 0.575,
          "ece": 0.37303456326141227
        }
      ],
      "rel_to_baseline": {
        "detect_rate": 0.8478260869565218,
        "recover_to_target_rate": 0.7083333333333334,
        "regret_mean": 1.8774709343429912,
        "drawdown_auc_p95": 1.515013219272541,
        "post_drift_regret_total": 2.0716163547319235
      },
      "passed_gate": false
    },
    {
      "name": "engine_seq_lr_0_15",
      "posterior": "engine_sequence",
      "res_feats": "",
      "res_scale": "",
      "seq_eps": "0.001",
      "seq_edge_decay": "0.98",
      "seq_edge_lr": "0.15",
      "seq_ll_scale": "6.0",
      "seq_prior_scale": "0.6",
      "daoheur_alpha": "",
      "daoheur_scale": "",
      "daoheur_boost_mult": "",
      "daoheur_boost_steps": "",
      "daoheur_entropy_thr": "",
      "daoheur_entropy_mult": "",
      "repeats": 1,
      "seed_start": 1,
      "seed_count": 40,
      "artifact_dirs": [
        "tests\\artifacts\\island10_open_20260204_110608_089"
      ],
      "errors": [
        null
      ],
      "metrics": {
        "detect_rate": {
          "mean": 0.6190476190476191,
          "ci95": [
            0.6190476190476191,
            0.6190476190476191
          ]
        },
        "recover_to_target_rate": {
          "mean": 0.5396825396825397,
          "ci95": [
            0.5396825396825397,
            0.5396825396825397
          ]
        },
        "regret_mean": {
          "mean": 365.7900580626327,
          "ci95": [
            365.7900580626327,
            365.7900580626327
          ]
        },
        "drawdown_auc_p95": {
          "mean": 1053.4484501594231,
          "ci95": [
            1053.4484501594231,
            1053.4484501594231
          ]
        },
        "post_drift_regret_total": {
          "mean": 13622.483356997984,
          "ci95": [
            13622.483356997984,
            13622.483356997984
          ]
        },
        "law_pred_acc": {
          "mean": 0.575,
          "ci95": [
            0.575,
            0.575
          ]
        },
        "ece": {
          "mean": 0.37303456326141227,
          "ci95": [
            0.37303456326141227,
            0.37303456326141227
          ]
        }
      },
      "metrics_reps": [
        {
          "detect_rate": 0.6190476190476191,
          "recover_to_target_rate": 0.5396825396825397,
          "regret_mean": 365.7900580626327,
          "drawdown_auc_p95": 1053.4484501594231,
          "post_drift_regret_total": 13622.483356997984,
          "law_pred_acc": 0.575,
          "ece": 0.37303456326141227
        }
      ],
      "rel_to_baseline": {
        "detect_rate": 0.8478260869565218,
        "recover_to_target_rate": 0.7083333333333334,
        "regret_mean": 1.8774709343429912,
        "drawdown_auc_p95": 1.515013219272541,
        "post_drift_regret_total": 2.0716163547319235
      },
      "passed_gate": false
    }
  ]
}