{
  "rows": [
    {
      "a": "heuristic",
      "b": "dao_a0.20",
      "case_a": "D:/AI/WordModule/tests/artifacts/open_world_strong_evidence_20260204_110537_258/steps/open_ood_axis/run/cases/base__engine__heuristic",
      "case_b": "D:/AI/WordModule/tests/artifacts/open_world_strong_evidence_20260204_110537_258/steps/open_ood_axis/run/cases/base__engine__dao_a0.20",
      "env": "engine",
      "point": "base",
      "stats": {
        "dd_auc_p95": {
          "ci95": [
            -57.18121836733724,
            0.0
          ],
          "delta_mean": 0.0
        },
        "det_rate": {
          "ci95": [
            0.0,
            0.0
          ],
          "delta_mean": 0.0
        },
        "meta": {
          "bootstrap": 500,
          "n_episodes": 40,
          "seed": 1
        },
        "post_total": {
          "ci95": [
            -502.1707658196856,
            0.0
          ],
          "delta_mean": -186.45066139567462
        },
        "rec_target_rate": {
          "ci95": [
            0.0,
            0.07500000000000007
          ],
          "delta_mean": 0.025000000000000022
        },
        "regret_sum": {
          "ci95": [
            -972.8257155751962,
            0.0
          ],
          "delta_mean": -362.39605076995576
        }
      }
    },
    {
      "a": "heuristic",
      "b": "dao_a0.20",
      "case_a": "D:/AI/WordModule/tests/artifacts/open_world_strong_evidence_20260204_110537_258/steps/open_ood_axis/run/cases/base__numeric__heuristic",
      "case_b": "D:/AI/WordModule/tests/artifacts/open_world_strong_evidence_20260204_110537_258/steps/open_ood_axis/run/cases/base__numeric__dao_a0.20",
      "env": "numeric",
      "point": "base",
      "stats": {
        "dd_auc_p95": {
          "ci95": [
            -57.18121836733724,
            0.0
          ],
          "delta_mean": 0.0
        },
        "det_rate": {
          "ci95": [
            0.0,
            0.0
          ],
          "delta_mean": 0.0
        },
        "meta": {
          "bootstrap": 500,
          "n_episodes": 40,
          "seed": 1
        },
        "post_total": {
          "ci95": [
            -502.1707658196856,
            0.0
          ],
          "delta_mean": -186.45066139567462
        },
        "rec_target_rate": {
          "ci95": [
            0.0,
            0.07500000000000007
          ],
          "delta_mean": 0.025000000000000022
        },
        "regret_sum": {
          "ci95": [
            -972.8257155751962,
            0.0
          ],
          "delta_mean": -362.39605076995576
        }
      }
    },
    {
      "a": "heuristic",
      "b": "dao_a0.20",
      "case_a": "D:/AI/WordModule/tests/artifacts/open_world_strong_evidence_20260204_110537_258/steps/open_ood_axis/run/cases/drift_events_4__engine__heuristic",
      "case_b": "D:/AI/WordModule/tests/artifacts/open_world_strong_evidence_20260204_110537_258/steps/open_ood_axis/run/cases/drift_events_4__engine__dao_a0.20",
      "env": "engine",
      "point": "drift_events_4",
      "stats": {
        "dd_auc_p95": {
          "ci95": [
            -107.27903751071449,
            0.0
          ],
          "delta_mean": 0.0
        },
        "det_rate": {
          "ci95": [
            0.0,
            0.0
          ],
          "delta_mean": 0.0
        },
        "meta": {
          "bootstrap": 500,
          "n_episodes": 40,
          "seed": 1
        },
        "post_total": {
          "ci95": [
            -321.8371125321464,
            96.72806603623576
          ],
          "delta_mean": -75.03634883196719
        },
        "rec_target_rate": {
          "ci95": [
            0.0,
            0.0
          ],
          "delta_mean": 0.0
        },
        "regret_sum": {
          "ci95": [
            -841.5442007829915,
            193.98215754066769
          ],
          "delta_mean": -215.85401441410067
        }
      }
    },
    {
      "a": "heuristic",
      "b": "dao_a0.20",
      "case_a": "D:/AI/WordModule/tests/artifacts/open_world_strong_evidence_20260204_110537_258/steps/open_ood_axis/run/cases/drift_events_4__numeric__heuristic",
      "case_b": "D:/AI/WordModule/tests/artifacts/open_world_strong_evidence_20260204_110537_258/steps/open_ood_axis/run/cases/drift_events_4__numeric__dao_a0.20",
      "env": "numeric",
      "point": "drift_events_4",
      "stats": {
        "dd_auc_p95": {
          "ci95": [
            -107.27903751071449,
            0.0
          ],
          "delta_mean": 0.0
        },
        "det_rate": {
          "ci95": [
            0.0,
            0.0
          ],
          "delta_mean": 0.0
        },
        "meta": {
          "bootstrap": 500,
          "n_episodes": 40,
          "seed": 1
        },
        "post_total": {
          "ci95": [
            -321.8371125321464,
            96.72806603623576
          ],
          "delta_mean": -75.03634883196719
        },
        "rec_target_rate": {
          "ci95": [
            0.0,
            0.0
          ],
          "delta_mean": 0.0
        },
        "regret_sum": {
          "ci95": [
            -841.5442007829915,
            193.98215754066769
          ],
          "delta_mean": -215.85401441410067
        }
      }
    },
    {
      "a": "heuristic",
      "b": "dao_a0.20",
      "case_a": "D:/AI/WordModule/tests/artifacts/open_world_strong_evidence_20260204_110537_258/steps/open_ood_axis/run/cases/high_noise__engine__heuristic",
      "case_b": "D:/AI/WordModule/tests/artifacts/open_world_strong_evidence_20260204_110537_258/steps/open_ood_axis/run/cases/high_noise__engine__dao_a0.20",
      "env": "engine",
      "point": "high_noise",
      "stats": {
        "dd_auc_p95": {
          "ci95": [
            0.0,
            10.988403076582927
          ],
          "delta_mean": 0.0
        },
        "det_rate": {
          "ci95": [
            0.0,
            0.0
          ],
          "delta_mean": 0.0
        },
        "meta": {
          "bootstrap": 500,
          "n_episodes": 40,
          "seed": 1
        },
        "post_total": {
          "ci95": [
            -7.905889028485944,
            278.1197262640053
          ],
          "delta_mean": 97.39688112956355
        },
        "rec_target_rate": {
          "ci95": [
            0.0,
            0.0
          ],
          "delta_mean": 0.0
        },
        "regret_sum": {
          "ci95": [
            -15.811778056973708,
            466.1408651427246
          ],
          "delta_mean": 153.27698643809526
        }
      }
    },
    {
      "a": "heuristic",
      "b": "dao_a0.20",
      "case_a": "D:/AI/WordModule/tests/artifacts/open_world_strong_evidence_20260204_110537_258/steps/open_ood_axis/run/cases/high_noise__numeric__heuristic",
      "case_b": "D:/AI/WordModule/tests/artifacts/open_world_strong_evidence_20260204_110537_258/steps/open_ood_axis/run/cases/high_noise__numeric__dao_a0.20",
      "env": "numeric",
      "point": "high_noise",
      "stats": {
        "dd_auc_p95": {
          "ci95": [
            0.0,
            10.988403076582927
          ],
          "delta_mean": 0.0
        },
        "det_rate": {
          "ci95": [
            0.0,
            0.0
          ],
          "delta_mean": 0.0
        },
        "meta": {
          "bootstrap": 500,
          "n_episodes": 40,
          "seed": 1
        },
        "post_total": {
          "ci95": [
            -7.905889028485944,
            278.1197262640053
          ],
          "delta_mean": 97.39688112956355
        },
        "rec_target_rate": {
          "ci95": [
            0.0,
            0.0
          ],
          "delta_mean": 0.0
        },
        "regret_sum": {
          "ci95": [
            -15.811778056973708,
            466.1408651427246
          ],
          "delta_mean": 153.27698643809526
        }
      }
    }
  ]
}
