{
  "rows": [
    {
      "a": "heuristic",
      "b": "dao_a0.20_drift_B4detH_tr0C",
      "case_a": "D:/AI/WordModule/tests/artifacts/open_world_strong_evidence_20260204_110537_258/steps/open_ood_axis/run/cases/base__engine__heuristic",
      "case_b": "D:/AI/WordModule/tests/artifacts/open_world_strong_evidence_20260204_110537_258/steps/open_ood_axis/run/cases/base__engine__dao_a0.20_drift_B4detH_tr0C",
      "env": "engine",
      "point": "base",
      "stats": {
        "dd_auc_p95": {
          "ci95": [
            -57.18121836733724,
            0.0
          ],
          "delta_mean": 0.0
        },
        "det_rate": {
          "ci95": [
            0.0,
            0.0
          ],
          "delta_mean": 0.0
        },
        "meta": {
          "bootstrap": 500,
          "n_episodes": 40,
          "seed": 1
        },
        "post_total": {
          "ci95": [
            -502.1707658196856,
            0.0
          ],
          "delta_mean": -186.45066139567462
        },
        "rec_target_rate": {
          "ci95": [
            0.0,
            0.07500000000000007
          ],
          "delta_mean": 0.025000000000000022
        },
        "regret_sum": {
          "ci95": [
            -972.8257155751962,
            0.0
          ],
          "delta_mean": -362.39605076995576
        }
      }
    },
    {
      "a": "heuristic",
      "b": "dao_a0.20_drift_B4detH_tr0C",
      "case_a": "D:/AI/WordModule/tests/artifacts/open_world_strong_evidence_20260204_110537_258/steps/open_ood_axis/run/cases/base__numeric__heuristic",
      "case_b": "D:/AI/WordModule/tests/artifacts/open_world_strong_evidence_20260204_110537_258/steps/open_ood_axis/run/cases/base__numeric__dao_a0.20_drift_B4detH_tr0C",
      "env": "numeric",
      "point": "base",
      "stats": {
        "dd_auc_p95": {
          "ci95": [
            -57.18121836733724,
            0.0
          ],
          "delta_mean": 0.0
        },
        "det_rate": {
          "ci95": [
            0.0,
            0.0
          ],
          "delta_mean": 0.0
        },
        "meta": {
          "bootstrap": 500,
          "n_episodes": 40,
          "seed": 1
        },
        "post_total": {
          "ci95": [
            -502.1707658196856,
            0.0
          ],
          "delta_mean": -186.45066139567462
        },
        "rec_target_rate": {
          "ci95": [
            0.0,
            0.07500000000000007
          ],
          "delta_mean": 0.025000000000000022
        },
        "regret_sum": {
          "ci95": [
            -972.8257155751962,
            0.0
          ],
          "delta_mean": -362.39605076995576
        }
      }
    },
    {
      "a": "heuristic",
      "b": "dao_a0.20_drift_B4detH_tr0C",
      "case_a": "D:/AI/WordModule/tests/artifacts/open_world_strong_evidence_20260204_110537_258/steps/open_ood_axis/run/cases/drift_events_4__engine__heuristic",
      "case_b": "D:/AI/WordModule/tests/artifacts/open_world_strong_evidence_20260204_110537_258/steps/open_ood_axis/run/cases/drift_events_4__engine__dao_a0.20_drift_B4detH_tr0C",
      "env": "engine",
      "point": "drift_events_4",
      "stats": {
        "dd_auc_p95": {
          "ci95": [
            -452.899426863485,
            0.0
          ],
          "delta_mean": -89.98379910752578
        },
        "det_rate": {
          "ci95": [
            -0.08750000000000013,
            0.0625
          ],
          "delta_mean": -0.01041666666666674
        },
        "meta": {
          "bootstrap": 500,
          "n_episodes": 40,
          "seed": 1
        },
        "post_total": {
          "ci95": [
            -6497.613680018386,
            -1466.8187197602128
          ],
          "delta_mean": -3766.2156358844113
        },
        "rec_target_rate": {
          "ci95": [
            0.04999999999999993,
            0.1937500000000002
          ],
          "delta_mean": 0.11250000000000004
        },
        "regret_sum": {
          "ci95": [
            -17916.28700370885,
            -4263.599835603127
          ],
          "delta_mean": -10651.3608889612
        }
      }
    },
    {
      "a": "heuristic",
      "b": "dao_a0.20_drift_B4detH_tr0C",
      "case_a": "D:/AI/WordModule/tests/artifacts/open_world_strong_evidence_20260204_110537_258/steps/open_ood_axis/run/cases/drift_events_4__numeric__heuristic",
      "case_b": "D:/AI/WordModule/tests/artifacts/open_world_strong_evidence_20260204_110537_258/steps/open_ood_axis/run/cases/drift_events_4__numeric__dao_a0.20_drift_B4detH_tr0C",
      "env": "numeric",
      "point": "drift_events_4",
      "stats": {
        "dd_auc_p95": {
          "ci95": [
            -452.899426863485,
            0.0
          ],
          "delta_mean": -89.98379910752578
        },
        "det_rate": {
          "ci95": [
            -0.08750000000000013,
            0.0625
          ],
          "delta_mean": -0.01041666666666674
        },
        "meta": {
          "bootstrap": 500,
          "n_episodes": 40,
          "seed": 1
        },
        "post_total": {
          "ci95": [
            -6497.613680018386,
            -1466.8187197602128
          ],
          "delta_mean": -3766.2156358844113
        },
        "rec_target_rate": {
          "ci95": [
            0.04999999999999993,
            0.1937500000000002
          ],
          "delta_mean": 0.11250000000000004
        },
        "regret_sum": {
          "ci95": [
            -17916.28700370885,
            -4263.599835603127
          ],
          "delta_mean": -10651.3608889612
        }
      }
    },
    {
      "a": "heuristic",
      "b": "dao_a0.20_drift_B4detH_tr0C",
      "case_a": "D:/AI/WordModule/tests/artifacts/open_world_strong_evidence_20260204_110537_258/steps/open_ood_axis/run/cases/high_noise__engine__heuristic",
      "case_b": "D:/AI/WordModule/tests/artifacts/open_world_strong_evidence_20260204_110537_258/steps/open_ood_axis/run/cases/high_noise__engine__dao_a0.20_drift_B4detH_tr0C",
      "env": "engine",
      "point": "high_noise",
      "stats": {
        "dd_auc_p95": {
          "ci95": [
            0.0,
            0.0
          ],
          "delta_mean": 0.0
        },
        "det_rate": {
          "ci95": [
            0.0,
            0.0
          ],
          "delta_mean": 0.0
        },
        "meta": {
          "bootstrap": 500,
          "n_episodes": 40,
          "seed": 1
        },
        "post_total": {
          "ci95": [
            0.0,
            0.0
          ],
          "delta_mean": 0.0
        },
        "rec_target_rate": {
          "ci95": [
            0.0,
            0.0
          ],
          "delta_mean": 0.0
        },
        "regret_sum": {
          "ci95": [
            0.0,
            0.0
          ],
          "delta_mean": 0.0
        }
      }
    },
    {
      "a": "heuristic",
      "b": "dao_a0.20_drift_B4detH_tr0C",
      "case_a": "D:/AI/WordModule/tests/artifacts/open_world_strong_evidence_20260204_110537_258/steps/open_ood_axis/run/cases/high_noise__numeric__heuristic",
      "case_b": "D:/AI/WordModule/tests/artifacts/open_world_strong_evidence_20260204_110537_258/steps/open_ood_axis/run/cases/high_noise__numeric__dao_a0.20_drift_B4detH_tr0C",
      "env": "numeric",
      "point": "high_noise",
      "stats": {
        "dd_auc_p95": {
          "ci95": [
            0.0,
            0.0
          ],
          "delta_mean": 0.0
        },
        "det_rate": {
          "ci95": [
            0.0,
            0.0
          ],
          "delta_mean": 0.0
        },
        "meta": {
          "bootstrap": 500,
          "n_episodes": 40,
          "seed": 1
        },
        "post_total": {
          "ci95": [
            0.0,
            0.0
          ],
          "delta_mean": 0.0
        },
        "rec_target_rate": {
          "ci95": [
            0.0,
            0.0
          ],
          "delta_mean": 0.0
        },
        "regret_sum": {
          "ci95": [
            0.0,
            0.0
          ],
          "delta_mean": 0.0
        }
      }
    }
  ]
}
