{
  "checks": [
    {
      "name": "base_f1",
      "ok": true,
      "threshold": 0.99,
      "value": 1.0
    },
    {
      "name": "drop0_flip8_f1",
      "ok": true,
      "threshold": 0.85,
      "value": 0.9474854826918208
    },
    {
      "name": "drop01_flip8_f1",
      "ok": true,
      "threshold": 0.75,
      "value": 0.8362520476932153
    },
    {
      "name": "drop02_flip0_f1",
      "ok": true,
      "threshold": 0.6,
      "value": 0.7895816303538314
    }
  ],
  "config": {
    "max_pairs": 20000,
    "n_nodes": 200,
    "noise_dropout_prob": [
      0.0,
      0.1,
      0.2
    ],
    "noise_flip_bits": [
      0,
      8,
      16,
      24
    ],
    "observe_k": 80,
    "seeds": [
      1,
      2,
      3
    ],
    "threshold": 0.8
  },
  "grid": [
    {
      "f1": {
        "mean": 1.0,
        "p50": 1.0,
        "p95": 1.0
      },
      "infer_ms": {
        "mean": 0.3788000127921502,
        "p50": 0.4219000693410635,
        "p95": 0.426099868491292
      },
      "noise_dropout_prob": 0.0,
      "noise_flip_bits": 0,
      "per_seed": [
        {
          "f1": 1.0,
          "precision": 1.0,
          "recall": 1.0,
          "seed": 1
        },
        {
          "f1": 1.0,
          "precision": 1.0,
          "recall": 1.0,
          "seed": 2
        },
        {
          "f1": 1.0,
          "precision": 1.0,
          "recall": 1.0,
          "seed": 3
        }
      ],
      "precision": {
        "mean": 1.0,
        "p50": 1.0,
        "p95": 1.0
      },
      "recall": {
        "mean": 1.0,
        "p50": 1.0,
        "p95": 1.0
      },
      "seeds": [
        1,
        2,
        3
      ]
    },
    {
      "f1": {
        "mean": 0.9474854826918208,
        "p50": 0.9477234401349073,
        "p95": 0.9487870619946093
      },
      "infer_ms": {
        "mean": 0.420899906506141,
        "p50": 0.40939985774457455,
        "p95": 0.46009989455342293
      },
      "noise_dropout_prob": 0.0,
      "noise_flip_bits": 8,
      "per_seed": [
        {
          "f1": 0.945945945945946,
          "precision": 1.0,
          "recall": 0.8974358974358975,
          "seed": 1
        },
        {
          "f1": 0.9477234401349073,
          "precision": 1.0,
          "recall": 0.9006410256410257,
          "seed": 2
        },
        {
          "f1": 0.9487870619946093,
          "precision": 1.0,
          "recall": 0.9025641025641026,
          "seed": 3
        }
      ],
      "precision": {
        "mean": 1.0,
        "p50": 1.0,
        "p95": 1.0
      },
      "recall": {
        "mean": 0.9002136752136752,
        "p50": 0.9006410256410257,
        "p95": 0.9025641025641026
      },
      "seeds": [
        1,
        2,
        3
      ]
    },
    {
      "f1": {
        "mean": 0.2886602936042881,
        "p50": 0.3006535947712418,
        "p95": 0.31715210355987056
      },
      "infer_ms": {
        "mean": 0.4044332696745793,
        "p50": 0.3994000144302845,
        "p95": 0.41809980757534504
      },
      "noise_dropout_prob": 0.0,
      "noise_flip_bits": 16,
      "per_seed": [
        {
          "f1": 0.31715210355987056,
          "precision": 1.0,
          "recall": 0.18846153846153846,
          "seed": 1
        },
        {
          "f1": 0.24817518248175183,
          "precision": 1.0,
          "recall": 0.14166666666666666,
          "seed": 2
        },
        {
          "f1": 0.3006535947712418,
          "precision": 1.0,
          "recall": 0.17692307692307693,
          "seed": 3
        }
      ],
      "precision": {
        "mean": 1.0,
        "p50": 1.0,
        "p95": 1.0
      },
      "recall": {
        "mean": 0.169017094017094,
        "p50": 0.17692307692307693,
        "p95": 0.18846153846153846
      },
      "seeds": [
        1,
        2,
        3
      ]
    },
    {
      "f1": {
        "mean": 0.041421470972504815,
        "p50": 0.043887147335423204,
        "p95": 0.04511278195488722
      },
      "infer_ms": {
        "mean": 0.3973666268090407,
        "p50": 0.3955999854952097,
        "p95": 0.4087998531758785
      },
      "noise_dropout_prob": 0.0,
      "noise_flip_bits": 24,
      "per_seed": [
        {
          "f1": 0.043887147335423204,
          "precision": 1.0,
          "recall": 0.022435897435897436,
          "seed": 1
        },
        {
          "f1": 0.04511278195488722,
          "precision": 1.0,
          "recall": 0.023076923076923078,
          "seed": 2
        },
        {
          "f1": 0.03526448362720403,
          "precision": 1.0,
          "recall": 0.017948717948717947,
          "seed": 3
        }
      ],
      "precision": {
        "mean": 1.0,
        "p50": 1.0,
        "p95": 1.0
      },
      "recall": {
        "mean": 0.02115384615384615,
        "p50": 0.022435897435897436,
        "p95": 0.023076923076923078
      },
      "seeds": [
        1,
        2,
        3
      ]
    },
    {
      "f1": {
        "mean": 0.9178992132197825,
        "p50": 0.909853249475891,
        "p95": 0.9355168884339816
      },
      "infer_ms": {
        "mean": 0.3799332771450281,
        "p50": 0.37189992144703865,
        "p95": 0.4056999459862709
      },
      "noise_dropout_prob": 0.1,
      "noise_flip_bits": 0,
      "per_seed": [
        {
          "f1": 0.9083275017494751,
          "precision": 1.0,
          "recall": 0.8320512820512821,
          "seed": 1
        },
        {
          "f1": 0.9355168884339816,
          "precision": 1.0,
          "recall": 0.8788461538461538,
          "seed": 2
        },
        {
          "f1": 0.909853249475891,
          "precision": 1.0,
          "recall": 0.8346153846153846,
          "seed": 3
        }
      ],
      "precision": {
        "mean": 1.0,
        "p50": 1.0,
        "p95": 1.0
      },
      "recall": {
        "mean": 0.8485042735042736,
        "p50": 0.8346153846153846,
        "p95": 0.8788461538461538
      },
      "seeds": [
        1,
        2,
        3
      ]
    },
    {
      "f1": {
        "mean": 0.8362520476932153,
        "p50": 0.8563049853372434,
        "p95": 0.8712011577424024
      },
      "infer_ms": {
        "mean": 0.324233357484142,
        "p50": 0.36930013447999954,
        "p95": 0.37080002948641777
      },
      "noise_dropout_prob": 0.1,
      "noise_flip_bits": 8,
      "per_seed": [
        {
          "f1": 0.8712011577424024,
          "precision": 1.0,
          "recall": 0.7717948717948718,
          "seed": 1
        },
        {
          "f1": 0.8563049853372434,
          "precision": 1.0,
          "recall": 0.7487179487179487,
          "seed": 2
        },
        {
          "f1": 0.7812500000000001,
          "precision": 1.0,
          "recall": 0.6410256410256411,
          "seed": 3
        }
      ],
      "precision": {
        "mean": 1.0,
        "p50": 1.0,
        "p95": 1.0
      },
      "recall": {
        "mean": 0.7205128205128205,
        "p50": 0.7487179487179487,
        "p95": 0.7717948717948718
      },
      "seeds": [
        1,
        2,
        3
      ]
    },
    {
      "f1": {
        "mean": 0.2267837108554628,
        "p50": 0.234295415959253,
        "p95": 0.2695507487520799
      },
      "infer_ms": {
        "mean": 0.3466666676104069,
        "p50": 0.38790004327893257,
        "p95": 0.4312999080866575
      },
      "noise_dropout_prob": 0.1,
      "noise_flip_bits": 16,
      "per_seed": [
        {
          "f1": 0.2695507487520799,
          "precision": 1.0,
          "recall": 0.15576923076923077,
          "seed": 1
        },
        {
          "f1": 0.234295415959253,
          "precision": 1.0,
          "recall": 0.1326923076923077,
          "seed": 2
        },
        {
          "f1": 0.1765049678550555,
          "precision": 1.0,
          "recall": 0.0967948717948718,
          "seed": 3
        }
      ],
      "precision": {
        "mean": 1.0,
        "p50": 1.0,
        "p95": 1.0
      },
      "recall": {
        "mean": 0.1284188034188034,
        "p50": 0.1326923076923077,
        "p95": 0.15576923076923077
      },
      "seeds": [
        1,
        2,
        3
      ]
    },
    {
      "f1": {
        "mean": 0.031121047003684815,
        "p50": 0.031545741324921134,
        "p95": 0.03650094398993078
      },
      "infer_ms": {
        "mean": 0.38023324062426883,
        "p50": 0.41479989886283875,
        "p95": 0.4835999570786953
      },
      "noise_dropout_prob": 0.1,
      "noise_flip_bits": 24,
      "per_seed": [
        {
          "f1": 0.03650094398993078,
          "precision": 1.0,
          "recall": 0.01858974358974359,
          "seed": 1
        },
        {
          "f1": 0.02531645569620253,
          "precision": 1.0,
          "recall": 0.01282051282051282,
          "seed": 2
        },
        {
          "f1": 0.031545741324921134,
          "precision": 1.0,
          "recall": 0.016025641025641024,
          "seed": 3
        }
      ],
      "precision": {
        "mean": 1.0,
        "p50": 1.0,
        "p95": 1.0
      },
      "recall": {
        "mean": 0.01581196581196581,
        "p50": 0.016025641025641024,
        "p95": 0.01858974358974359
      },
      "seeds": [
        1,
        2,
        3
      ]
    },
    {
      "f1": {
        "mean": 0.7895816303538314,
        "p50": 0.80779518532671,
        "p95": 0.8230856280648812
      },
      "infer_ms": {
        "mean": 0.22166664712131023,
        "p50": 0.22549997083842754,
        "p95": 0.22860011085867882
      },
      "noise_dropout_prob": 0.2,
      "noise_flip_bits": 0,
      "per_seed": [
        {
          "f1": 0.8230856280648812,
          "precision": 1.0,
          "recall": 0.6993589743589743,
          "seed": 1
        },
        {
          "f1": 0.7378640776699029,
          "precision": 1.0,
          "recall": 0.5846153846153846,
          "seed": 2
        },
        {
          "f1": 0.80779518532671,
          "precision": 1.0,
          "recall": 0.6775641025641026,
          "seed": 3
        }
      ],
      "precision": {
        "mean": 1.0,
        "p50": 1.0,
        "p95": 1.0
      },
      "recall": {
        "mean": 0.6538461538461539,
        "p50": 0.6775641025641026,
        "p95": 0.6993589743589743
      },
      "seeds": [
        1,
        2,
        3
      ]
    },
    {
      "f1": {
        "mean": 0.7360181809536762,
        "p50": 0.7499999999999999,
        "p95": 0.7569721115537847
      },
      "infer_ms": {
        "mean": 0.22119997690121332,
        "p50": 0.22399984300136566,
        "p95": 0.2264000941067934
      },
      "noise_dropout_prob": 0.2,
      "noise_flip_bits": 8,
      "per_seed": [
        {
          "f1": 0.7499999999999999,
          "precision": 1.0,
          "recall": 0.6,
          "seed": 1
        },
        {
          "f1": 0.7569721115537847,
          "precision": 1.0,
          "recall": 0.6089743589743589,
          "seed": 2
        },
        {
          "f1": 0.701082431307244,
          "precision": 1.0,
          "recall": 0.5397435897435897,
          "seed": 3
        }
      ],
      "precision": {
        "mean": 1.0,
        "p50": 1.0,
        "p95": 1.0
      },
      "recall": {
        "mean": 0.582905982905983,
        "p50": 0.6,
        "p95": 0.6089743589743589
      },
      "seeds": [
        1,
        2,
        3
      ]
    },
    {
      "f1": {
        "mean": 0.18838050518942315,
        "p50": 0.17757009345794392,
        "p95": 0.22827938671209538
      },
      "infer_ms": {
        "mean": 0.23006663347283998,
        "p50": 0.23479992523789406,
        "p95": 0.2362998202443123
      },
      "noise_dropout_prob": 0.2,
      "noise_flip_bits": 16,
      "per_seed": [
        {
          "f1": 0.17757009345794392,
          "precision": 1.0,
          "recall": 0.09743589743589744,
          "seed": 1
        },
        {
          "f1": 0.1592920353982301,
          "precision": 1.0,
          "recall": 0.08653846153846154,
          "seed": 2
        },
        {
          "f1": 0.22827938671209538,
          "precision": 1.0,
          "recall": 0.12884615384615383,
          "seed": 3
        }
      ],
      "precision": {
        "mean": 1.0,
        "p50": 1.0,
        "p95": 1.0
      },
      "recall": {
        "mean": 0.10427350427350428,
        "p50": 0.09743589743589744,
        "p95": 0.12884615384615383
      },
      "seeds": [
        1,
        2,
        3
      ]
    },
    {
      "f1": {
        "mean": 0.026980748611755673,
        "p50": 0.02781289506953224,
        "p95": 0.02781289506953224
      },
      "infer_ms": {
        "mean": 0.23063326564927897,
        "p50": 0.22109993733465672,
        "p95": 0.25569996796548367
      },
      "noise_dropout_prob": 0.2,
      "noise_flip_bits": 24,
      "per_seed": [
        {
          "f1": 0.02531645569620253,
          "precision": 1.0,
          "recall": 0.01282051282051282,
          "seed": 1
        },
        {
          "f1": 0.02781289506953224,
          "precision": 1.0,
          "recall": 0.014102564102564103,
          "seed": 2
        },
        {
          "f1": 0.02781289506953224,
          "precision": 1.0,
          "recall": 0.014102564102564103,
          "seed": 3
        }
      ],
      "precision": {
        "mean": 1.0,
        "p50": 1.0,
        "p95": 1.0
      },
      "recall": {
        "mean": 0.013675213675213675,
        "p50": 0.014102564102564103,
        "p95": 0.014102564102564103
      },
      "seeds": [
        1,
        2,
        3
      ]
    }
  ],
  "ok": true,
  "run_dir": "D:/AI/WordModule/tests/artifacts/wmv2_holography_resonance_noise_sweep_20260204_110558_965",
  "suite": "holography_resonance_noise_sweep"
}
