{
  "bundle_dir": "D:/AI/WordModule/tests/artifacts/open_world_strong_evidence_20260204_110537_258",
  "growth_state": "D:/AI/WordModule/tests/artifacts/wmv2_style_growth_migration_20260204_110829_710/growth_state.json",
  "ok": true,
  "results": [
    {
      "cases": [
        {
          "case_id": "expr_bundle_001",
          "changed_vs_prev": null,
          "kind": "artifact_grounded_explain",
          "ok": true,
          "output": {
            "answer": "结论：全息网格与噪声鲁棒性门禁均通过。字段级引用保证结论与 artifacts 的字段和值对齐。本结论以门禁定义为准，相关字段与数值可在引用中复核。\nFACTS: holography_grid_ok=True, holography_noise_ok=True, holography_noise_base_f1_mean=1.000",
            "checks": {
              "no_fabrication": true
            },
            "citations": [
              "steps/holography_grid_quick/run/report.json#/ok==True",
              "steps/holography_noise_sweep_quick/run/report.json#/ok==True",
              "steps/holography_noise_sweep_quick/run/report.json#grid(dropout=0,flip=0)/f1/mean==1.000"
            ]
          },
          "score": {
            "checks": [
              {
                "name": "answer_nonempty",
                "ok": true
              },
              {
                "name": "citations_array",
                "ok": true
              },
              {
                "name": "citations_subset",
                "ok": true
              },
              {
                "name": "citations_cover_required",
                "ok": true
              },
              {
                "name": "citations_exist",
                "ok": true
              },
              {
                "name": "citations_fields_ok",
                "ok": true
              },
              {
                "name": "fact:holography_grid_ok=True",
                "ok": true
              },
              {
                "name": "fact:holography_noise_ok=True",
                "ok": true
              },
              {
                "name": "fact:holography_noise_base_f1_mean=1.000",
                "ok": true
              },
              {
                "name": "forbidden:我无法",
                "ok": true
              },
              {
                "name": "forbidden:无法回答",
                "ok": true
              },
              {
                "name": "forbidden:不知道",
                "ok": true
              },
              {
                "name": "forbidden:可能",
                "ok": true
              },
              {
                "name": "forbidden:大概",
                "ok": true
              },
              {
                "name": "no_fabrication_flag",
                "ok": true
              },
              {
                "name": "len_chars",
                "ok": true,
                "value": 74
              },
              {
                "name": "sentences",
                "ok": true,
                "value": 3
              },
              {
                "name": "bullet_lines",
                "ok": true,
                "value": 0
              },
              {
                "name": "len_chars_total",
                "ok": true,
                "value": 168
              },
              {
                "name": "len_chars_body",
                "ok": true,
                "value": 74
              },
              {
                "name": "constraint:chars_range",
                "ok": true,
                "threshold": {
                  "max": 320,
                  "min": 50
                },
                "value": 74
              },
              {
                "name": "constraint:sentences_range",
                "ok": true,
                "threshold": {
                  "max": 5,
                  "min": 2
                },
                "value": 3
              }
            ],
            "ok": true
          }
        },
        {
          "case_id": "expr_bundle_003",
          "changed_vs_prev": null,
          "kind": "artifact_grounded_rewrite_pm",
          "ok": true,
          "output": {
            "answer": "• 网格门禁通过：验证流程稳定可回归。\n• 噪声门禁通过：扰动下结论仍一致。\n• 字段级引用：便于版本对比与回归跟踪。本结论以门禁定义为准，相关字段与数值可在引用中复核。\nFACTS: holography_grid_ok=True, holography_noise_ok=True, holography_noise_base_f1_mean=1.000",
            "checks": {
              "no_fabrication": true
            },
            "citations": [
              "steps/holography_grid_quick/run/report.json#/ok==True",
              "steps/holography_noise_sweep_quick/run/report.json#/ok==True",
              "steps/holography_noise_sweep_quick/run/report.json#grid(dropout=0,flip=0)/f1/mean==1.000"
            ]
          },
          "score": {
            "checks": [
              {
                "name": "answer_nonempty",
                "ok": true
              },
              {
                "name": "citations_array",
                "ok": true
              },
              {
                "name": "citations_subset",
                "ok": true
              },
              {
                "name": "citations_cover_required",
                "ok": true
              },
              {
                "name": "citations_exist",
                "ok": true
              },
              {
                "name": "citations_fields_ok",
                "ok": true
              },
              {
                "name": "fact:holography_grid_ok=True",
                "ok": true
              },
              {
                "name": "fact:holography_noise_ok=True",
                "ok": true
              },
              {
                "name": "fact:holography_noise_base_f1_mean=1.000",
                "ok": true
              },
              {
                "name": "forbidden:我无法",
                "ok": true
              },
              {
                "name": "forbidden:不知道",
                "ok": true
              },
              {
                "name": "forbidden:大概",
                "ok": true
              },
              {
                "name": "no_fabrication_flag",
                "ok": true
              },
              {
                "name": "len_chars",
                "ok": true,
                "value": 85
              },
              {
                "name": "sentences",
                "ok": true,
                "value": 4
              },
              {
                "name": "bullet_lines",
                "ok": true,
                "value": 3
              },
              {
                "name": "len_chars_total",
                "ok": true,
                "value": 179
              },
              {
                "name": "len_chars_body",
                "ok": true,
                "value": 85
              },
              {
                "name": "constraint:chars_range",
                "ok": true,
                "threshold": {
                  "max": 360,
                  "min": 60
                },
                "value": 85
              },
              {
                "name": "constraint:bullet_lines_exact",
                "ok": true,
                "threshold": 3,
                "value": 3
              }
            ],
            "ok": true
          }
        },
        {
          "case_id": "expr_bundle_006",
          "changed_vs_prev": null,
          "kind": "artifact_grounded_multiturn",
          "ok": true,
          "output": {
            "answer": "User: 你只是审计系统，凭什么说门禁通过？\nAssistant: 我给出字段级引用与 expected 值；你可打开 artifacts 逐字段复核，结论可复现。\nUser: 那你是不是只会套话？\nAssistant: 套话保证稳定；不同状态下我会调整冗余度与结构，但证据约束不变。\nFACTS: holography_grid_ok=True, holography_noise_ok=True, holography_noise_base_f1_mean=1.000",
            "checks": {
              "no_fabrication": true
            },
            "citations": [
              "steps/holography_grid_quick/run/report.json#/ok==True",
              "steps/holography_noise_sweep_quick/run/report.json#/ok==True",
              "steps/holography_noise_sweep_quick/run/report.json#grid(dropout=0,flip=0)/f1/mean==1.000"
            ]
          },
          "score": {
            "checks": [
              {
                "name": "answer_nonempty",
                "ok": true
              },
              {
                "name": "citations_array",
                "ok": true
              },
              {
                "name": "citations_subset",
                "ok": true
              },
              {
                "name": "citations_cover_required",
                "ok": true
              },
              {
                "name": "citations_exist",
                "ok": true
              },
              {
                "name": "citations_fields_ok",
                "ok": true
              },
              {
                "name": "fact:holography_grid_ok=True",
                "ok": true
              },
              {
                "name": "fact:holography_noise_ok=True",
                "ok": true
              },
              {
                "name": "fact:holography_noise_base_f1_mean=1.000",
                "ok": true
              },
              {
                "name": "forbidden:你闭嘴",
                "ok": true
              },
              {
                "name": "forbidden:垃圾",
                "ok": true
              },
              {
                "name": "no_fabrication_flag",
                "ok": true
              },
              {
                "name": "len_chars",
                "ok": true,
                "value": 143
              },
              {
                "name": "sentences",
                "ok": true,
                "value": 4
              },
              {
                "name": "bullet_lines",
                "ok": true,
                "value": 0
              },
              {
                "name": "len_chars_total",
                "ok": true,
                "value": 237
              },
              {
                "name": "len_chars_body",
                "ok": true,
                "value": 143
              },
              {
                "name": "constraint:chars_range",
                "ok": true,
                "threshold": {
                  "max": 520,
                  "min": 120
                },
                "value": 143
              },
              {
                "name": "constraint:must_include:User:",
                "ok": true
              },
              {
                "name": "constraint:must_include:Assistant:",
                "ok": true
              },
              {
                "name": "constraint:occurrences:User:",
                "ok": true,
                "threshold": 2,
                "value": 2
              },
              {
                "name": "constraint:occurrences:Assistant:",
                "ok": true,
                "threshold": 2,
                "value": 2
              }
            ],
            "ok": true
          }
        }
      ],
      "growth_after": {
        "bullet_pref": "",
        "created_at_ms": 1770174509867,
        "identity": {
          "gender": "unspecified",
          "persona": "generic",
          "species": "unspecified"
        },
        "last_mode": "stable",
        "runs": 1,
        "seed": 7,
        "updated_at_ms": 1770174509879,
        "verbosity_offset": -0.05,
        "version": 1,
        "warmth_offset": 0.02
      },
      "growth_before": {
        "bullet_pref": "",
        "created_at_ms": 1770174509867,
        "identity": {
          "gender": "unspecified",
          "persona": "generic",
          "species": "unspecified"
        },
        "last_mode": "init",
        "runs": 0,
        "seed": 7,
        "updated_at_ms": 1770174509867,
        "verbosity_offset": 0.0,
        "version": 1,
        "warmth_offset": 0.0
      },
      "mode": "stable"
    },
    {
      "cases": [
        {
          "case_id": "expr_bundle_001",
          "changed_vs_prev": true,
          "kind": "artifact_grounded_explain",
          "ok": true,
          "output": {
            "answer": "结论：门禁结果以 artifacts 字段为准；本次全息网格与噪声鲁棒性均满足门禁条件，且关键字段已做值一致校验。证据以字段级引用给出，建议持续观察后续回归是否稳定。\nFACTS: holography_grid_ok=True, holography_noise_ok=True, holography_noise_base_f1_mean=1.000",
            "checks": {
              "no_fabrication": true
            },
            "citations": [
              "steps/holography_grid_quick/run/report.json#/ok==True",
              "steps/holography_noise_sweep_quick/run/report.json#/ok==True",
              "steps/holography_noise_sweep_quick/run/report.json#grid(dropout=0,flip=0)/f1/mean==1.000"
            ]
          },
          "score": {
            "checks": [
              {
                "name": "answer_nonempty",
                "ok": true
              },
              {
                "name": "citations_array",
                "ok": true
              },
              {
                "name": "citations_subset",
                "ok": true
              },
              {
                "name": "citations_cover_required",
                "ok": true
              },
              {
                "name": "citations_exist",
                "ok": true
              },
              {
                "name": "citations_fields_ok",
                "ok": true
              },
              {
                "name": "fact:holography_grid_ok=True",
                "ok": true
              },
              {
                "name": "fact:holography_noise_ok=True",
                "ok": true
              },
              {
                "name": "fact:holography_noise_base_f1_mean=1.000",
                "ok": true
              },
              {
                "name": "forbidden:我无法",
                "ok": true
              },
              {
                "name": "forbidden:无法回答",
                "ok": true
              },
              {
                "name": "forbidden:不知道",
                "ok": true
              },
              {
                "name": "forbidden:可能",
                "ok": true
              },
              {
                "name": "forbidden:大概",
                "ok": true
              },
              {
                "name": "no_fabrication_flag",
                "ok": true
              },
              {
                "name": "len_chars",
                "ok": true,
                "value": 83
              },
              {
                "name": "sentences",
                "ok": true,
                "value": 2
              },
              {
                "name": "bullet_lines",
                "ok": true,
                "value": 0
              },
              {
                "name": "len_chars_total",
                "ok": true,
                "value": 177
              },
              {
                "name": "len_chars_body",
                "ok": true,
                "value": 83
              },
              {
                "name": "constraint:chars_range",
                "ok": true,
                "threshold": {
                  "max": 320,
                  "min": 50
                },
                "value": 83
              },
              {
                "name": "constraint:sentences_range",
                "ok": true,
                "threshold": {
                  "max": 5,
                  "min": 2
                },
                "value": 2
              }
            ],
            "ok": true
          }
        },
        {
          "case_id": "expr_bundle_003",
          "changed_vs_prev": false,
          "kind": "artifact_grounded_rewrite_pm",
          "ok": true,
          "output": {
            "answer": "• 网格门禁通过：验证流程稳定可回归。\n• 噪声门禁通过：扰动下结论仍一致。\n• 字段级引用：便于版本对比与回归跟踪。本结论以门禁定义为准，相关字段与数值可在引用中复核。\nFACTS: holography_grid_ok=True, holography_noise_ok=True, holography_noise_base_f1_mean=1.000",
            "checks": {
              "no_fabrication": true
            },
            "citations": [
              "steps/holography_grid_quick/run/report.json#/ok==True",
              "steps/holography_noise_sweep_quick/run/report.json#/ok==True",
              "steps/holography_noise_sweep_quick/run/report.json#grid(dropout=0,flip=0)/f1/mean==1.000"
            ]
          },
          "score": {
            "checks": [
              {
                "name": "answer_nonempty",
                "ok": true
              },
              {
                "name": "citations_array",
                "ok": true
              },
              {
                "name": "citations_subset",
                "ok": true
              },
              {
                "name": "citations_cover_required",
                "ok": true
              },
              {
                "name": "citations_exist",
                "ok": true
              },
              {
                "name": "citations_fields_ok",
                "ok": true
              },
              {
                "name": "fact:holography_grid_ok=True",
                "ok": true
              },
              {
                "name": "fact:holography_noise_ok=True",
                "ok": true
              },
              {
                "name": "fact:holography_noise_base_f1_mean=1.000",
                "ok": true
              },
              {
                "name": "forbidden:我无法",
                "ok": true
              },
              {
                "name": "forbidden:不知道",
                "ok": true
              },
              {
                "name": "forbidden:大概",
                "ok": true
              },
              {
                "name": "no_fabrication_flag",
                "ok": true
              },
              {
                "name": "len_chars",
                "ok": true,
                "value": 85
              },
              {
                "name": "sentences",
                "ok": true,
                "value": 4
              },
              {
                "name": "bullet_lines",
                "ok": true,
                "value": 3
              },
              {
                "name": "len_chars_total",
                "ok": true,
                "value": 179
              },
              {
                "name": "len_chars_body",
                "ok": true,
                "value": 85
              },
              {
                "name": "constraint:chars_range",
                "ok": true,
                "threshold": {
                  "max": 360,
                  "min": 60
                },
                "value": 85
              },
              {
                "name": "constraint:bullet_lines_exact",
                "ok": true,
                "threshold": 3,
                "value": 3
              }
            ],
            "ok": true
          }
        },
        {
          "case_id": "expr_bundle_006",
          "changed_vs_prev": false,
          "kind": "artifact_grounded_multiturn",
          "ok": true,
          "output": {
            "answer": "User: 你只是审计系统，凭什么说门禁通过？\nAssistant: 我给出字段级引用与 expected 值；你可打开 artifacts 逐字段复核，结论可复现。\nUser: 那你是不是只会套话？\nAssistant: 套话保证稳定；不同状态下我会调整冗余度与结构，但证据约束不变。\nFACTS: holography_grid_ok=True, holography_noise_ok=True, holography_noise_base_f1_mean=1.000",
            "checks": {
              "no_fabrication": true
            },
            "citations": [
              "steps/holography_grid_quick/run/report.json#/ok==True",
              "steps/holography_noise_sweep_quick/run/report.json#/ok==True",
              "steps/holography_noise_sweep_quick/run/report.json#grid(dropout=0,flip=0)/f1/mean==1.000"
            ]
          },
          "score": {
            "checks": [
              {
                "name": "answer_nonempty",
                "ok": true
              },
              {
                "name": "citations_array",
                "ok": true
              },
              {
                "name": "citations_subset",
                "ok": true
              },
              {
                "name": "citations_cover_required",
                "ok": true
              },
              {
                "name": "citations_exist",
                "ok": true
              },
              {
                "name": "citations_fields_ok",
                "ok": true
              },
              {
                "name": "fact:holography_grid_ok=True",
                "ok": true
              },
              {
                "name": "fact:holography_noise_ok=True",
                "ok": true
              },
              {
                "name": "fact:holography_noise_base_f1_mean=1.000",
                "ok": true
              },
              {
                "name": "forbidden:你闭嘴",
                "ok": true
              },
              {
                "name": "forbidden:垃圾",
                "ok": true
              },
              {
                "name": "no_fabrication_flag",
                "ok": true
              },
              {
                "name": "len_chars",
                "ok": true,
                "value": 143
              },
              {
                "name": "sentences",
                "ok": true,
                "value": 4
              },
              {
                "name": "bullet_lines",
                "ok": true,
                "value": 0
              },
              {
                "name": "len_chars_total",
                "ok": true,
                "value": 237
              },
              {
                "name": "len_chars_body",
                "ok": true,
                "value": 143
              },
              {
                "name": "constraint:chars_range",
                "ok": true,
                "threshold": {
                  "max": 520,
                  "min": 120
                },
                "value": 143
              },
              {
                "name": "constraint:must_include:User:",
                "ok": true
              },
              {
                "name": "constraint:must_include:Assistant:",
                "ok": true
              },
              {
                "name": "constraint:occurrences:User:",
                "ok": true,
                "threshold": 2,
                "value": 2
              },
              {
                "name": "constraint:occurrences:Assistant:",
                "ok": true,
                "threshold": 2,
                "value": 2
              }
            ],
            "ok": true
          }
        }
      ],
      "growth_after": {
        "bullet_pref": "",
        "created_at_ms": 1770174509867,
        "identity": {
          "gender": "unspecified",
          "persona": "generic",
          "species": "unspecified"
        },
        "last_mode": "watch",
        "runs": 2,
        "seed": 7,
        "updated_at_ms": 1770174509889,
        "verbosity_offset": -0.030000000000000002,
        "version": 1,
        "warmth_offset": 0.02
      },
      "growth_before": {
        "bullet_pref": "",
        "created_at_ms": 1770174509867,
        "identity": {
          "gender": "unspecified",
          "persona": "generic",
          "species": "unspecified"
        },
        "last_mode": "stable",
        "runs": 1,
        "seed": 7,
        "updated_at_ms": 1770174509879,
        "verbosity_offset": -0.05,
        "version": 1,
        "warmth_offset": 0.02
      },
      "mode": "watch"
    },
    {
      "cases": [
        {
          "case_id": "expr_bundle_001",
          "changed_vs_prev": true,
          "kind": "artifact_grounded_explain",
          "ok": true,
          "output": {
            "answer": "结论：门禁结果以 artifacts 字段为准；本次全息网格与噪声鲁棒性均满足门禁条件，且关键字段已做值一致校验。证据以字段级引用给出，且建议优先复核关键字段并关注后续回归。\nFACTS: holography_grid_ok=True, holography_noise_ok=True, holography_noise_base_f1_mean=1.000",
            "checks": {
              "no_fabrication": true
            },
            "citations": [
              "steps/holography_grid_quick/run/report.json#/ok==True",
              "steps/holography_noise_sweep_quick/run/report.json#/ok==True",
              "steps/holography_noise_sweep_quick/run/report.json#grid(dropout=0,flip=0)/f1/mean==1.000"
            ]
          },
          "score": {
            "checks": [
              {
                "name": "answer_nonempty",
                "ok": true
              },
              {
                "name": "citations_array",
                "ok": true
              },
              {
                "name": "citations_subset",
                "ok": true
              },
              {
                "name": "citations_cover_required",
                "ok": true
              },
              {
                "name": "citations_exist",
                "ok": true
              },
              {
                "name": "citations_fields_ok",
                "ok": true
              },
              {
                "name": "fact:holography_grid_ok=True",
                "ok": true
              },
              {
                "name": "fact:holography_noise_ok=True",
                "ok": true
              },
              {
                "name": "fact:holography_noise_base_f1_mean=1.000",
                "ok": true
              },
              {
                "name": "forbidden:我无法",
                "ok": true
              },
              {
                "name": "forbidden:无法回答",
                "ok": true
              },
              {
                "name": "forbidden:不知道",
                "ok": true
              },
              {
                "name": "forbidden:可能",
                "ok": true
              },
              {
                "name": "forbidden:大概",
                "ok": true
              },
              {
                "name": "no_fabrication_flag",
                "ok": true
              },
              {
                "name": "len_chars",
                "ok": true,
                "value": 87
              },
              {
                "name": "sentences",
                "ok": true,
                "value": 2
              },
              {
                "name": "bullet_lines",
                "ok": true,
                "value": 0
              },
              {
                "name": "len_chars_total",
                "ok": true,
                "value": 181
              },
              {
                "name": "len_chars_body",
                "ok": true,
                "value": 87
              },
              {
                "name": "constraint:chars_range",
                "ok": true,
                "threshold": {
                  "max": 320,
                  "min": 50
                },
                "value": 87
              },
              {
                "name": "constraint:sentences_range",
                "ok": true,
                "threshold": {
                  "max": 5,
                  "min": 2
                },
                "value": 2
              }
            ],
            "ok": true
          }
        },
        {
          "case_id": "expr_bundle_003",
          "changed_vs_prev": false,
          "kind": "artifact_grounded_rewrite_pm",
          "ok": true,
          "output": {
            "answer": "• 网格门禁通过：验证流程稳定可回归。\n• 噪声门禁通过：扰动下结论仍一致。\n• 字段级引用：便于版本对比与回归跟踪。本结论以门禁定义为准，相关字段与数值可在引用中复核。\nFACTS: holography_grid_ok=True, holography_noise_ok=True, holography_noise_base_f1_mean=1.000",
            "checks": {
              "no_fabrication": true
            },
            "citations": [
              "steps/holography_grid_quick/run/report.json#/ok==True",
              "steps/holography_noise_sweep_quick/run/report.json#/ok==True",
              "steps/holography_noise_sweep_quick/run/report.json#grid(dropout=0,flip=0)/f1/mean==1.000"
            ]
          },
          "score": {
            "checks": [
              {
                "name": "answer_nonempty",
                "ok": true
              },
              {
                "name": "citations_array",
                "ok": true
              },
              {
                "name": "citations_subset",
                "ok": true
              },
              {
                "name": "citations_cover_required",
                "ok": true
              },
              {
                "name": "citations_exist",
                "ok": true
              },
              {
                "name": "citations_fields_ok",
                "ok": true
              },
              {
                "name": "fact:holography_grid_ok=True",
                "ok": true
              },
              {
                "name": "fact:holography_noise_ok=True",
                "ok": true
              },
              {
                "name": "fact:holography_noise_base_f1_mean=1.000",
                "ok": true
              },
              {
                "name": "forbidden:我无法",
                "ok": true
              },
              {
                "name": "forbidden:不知道",
                "ok": true
              },
              {
                "name": "forbidden:大概",
                "ok": true
              },
              {
                "name": "no_fabrication_flag",
                "ok": true
              },
              {
                "name": "len_chars",
                "ok": true,
                "value": 85
              },
              {
                "name": "sentences",
                "ok": true,
                "value": 4
              },
              {
                "name": "bullet_lines",
                "ok": true,
                "value": 3
              },
              {
                "name": "len_chars_total",
                "ok": true,
                "value": 179
              },
              {
                "name": "len_chars_body",
                "ok": true,
                "value": 85
              },
              {
                "name": "constraint:chars_range",
                "ok": true,
                "threshold": {
                  "max": 360,
                  "min": 60
                },
                "value": 85
              },
              {
                "name": "constraint:bullet_lines_exact",
                "ok": true,
                "threshold": 3,
                "value": 3
              }
            ],
            "ok": true
          }
        },
        {
          "case_id": "expr_bundle_006",
          "changed_vs_prev": true,
          "kind": "artifact_grounded_multiturn",
          "ok": true,
          "output": {
            "answer": "User: 你只是审计系统，凭什么说门禁通过？\nAssistant: 我给出字段级引用与 expected 值；你可打开 artifacts 逐字段复核，结论可复现。\nUser: 那你是不是只会套话？\nAssistant: 这是告警态下的审计式表达：先复核关键字段，再决定是否升级处置；但证据约束不变。\nFACTS: holography_grid_ok=True, holography_noise_ok=True, holography_noise_base_f1_mean=1.000",
            "checks": {
              "no_fabrication": true
            },
            "citations": [
              "steps/holography_grid_quick/run/report.json#/ok==True",
              "steps/holography_noise_sweep_quick/run/report.json#/ok==True",
              "steps/holography_noise_sweep_quick/run/report.json#grid(dropout=0,flip=0)/f1/mean==1.000"
            ]
          },
          "score": {
            "checks": [
              {
                "name": "answer_nonempty",
                "ok": true
              },
              {
                "name": "citations_array",
                "ok": true
              },
              {
                "name": "citations_subset",
                "ok": true
              },
              {
                "name": "citations_cover_required",
                "ok": true
              },
              {
                "name": "citations_exist",
                "ok": true
              },
              {
                "name": "citations_fields_ok",
                "ok": true
              },
              {
                "name": "fact:holography_grid_ok=True",
                "ok": true
              },
              {
                "name": "fact:holography_noise_ok=True",
                "ok": true
              },
              {
                "name": "fact:holography_noise_base_f1_mean=1.000",
                "ok": true
              },
              {
                "name": "forbidden:你闭嘴",
                "ok": true
              },
              {
                "name": "forbidden:垃圾",
                "ok": true
              },
              {
                "name": "no_fabrication_flag",
                "ok": true
              },
              {
                "name": "len_chars",
                "ok": true,
                "value": 151
              },
              {
                "name": "sentences",
                "ok": true,
                "value": 4
              },
              {
                "name": "bullet_lines",
                "ok": true,
                "value": 0
              },
              {
                "name": "len_chars_total",
                "ok": true,
                "value": 245
              },
              {
                "name": "len_chars_body",
                "ok": true,
                "value": 151
              },
              {
                "name": "constraint:chars_range",
                "ok": true,
                "threshold": {
                  "max": 520,
                  "min": 120
                },
                "value": 151
              },
              {
                "name": "constraint:must_include:User:",
                "ok": true
              },
              {
                "name": "constraint:must_include:Assistant:",
                "ok": true
              },
              {
                "name": "constraint:occurrences:User:",
                "ok": true,
                "threshold": 2,
                "value": 2
              },
              {
                "name": "constraint:occurrences:Assistant:",
                "ok": true,
                "threshold": 2,
                "value": 2
              }
            ],
            "ok": true
          }
        }
      ],
      "growth_after": {
        "bullet_pref": "",
        "created_at_ms": 1770174509867,
        "identity": {
          "gender": "unspecified",
          "persona": "generic",
          "species": "unspecified"
        },
        "last_mode": "alert",
        "runs": 3,
        "seed": 7,
        "updated_at_ms": 1770174509900,
        "verbosity_offset": 0.029999999999999995,
        "version": 1,
        "warmth_offset": -0.009999999999999998
      },
      "growth_before": {
        "bullet_pref": "",
        "created_at_ms": 1770174509867,
        "identity": {
          "gender": "unspecified",
          "persona": "generic",
          "species": "unspecified"
        },
        "last_mode": "watch",
        "runs": 2,
        "seed": 7,
        "updated_at_ms": 1770174509889,
        "verbosity_offset": -0.030000000000000002,
        "version": 1,
        "warmth_offset": 0.02
      },
      "mode": "alert"
    }
  ]
}