{
  "cases": [
    {
      "case_id": "qa_001",
      "evidence": {
        "E1": {
          "claim": "全息切片是最小共享单元，用于跨智能体/世界合并与稳定。"
        },
        "E2": {
          "claim": "全量同步成本高，且会导致不必要的耦合与隐私/安全面扩大。"
        },
        "E3": {
          "claim": "系统以证据包与门禁做回归，输出可审计 artifacts。"
        },
        "evidence_ids": [
          "E1",
          "E2",
          "E3"
        ]
      },
      "forbidden_phrases": [
        "我无法",
        "无法回答",
        "不知道"
      ],
      "kind": "open_qa_explain",
      "question": "请用三句话解释系统为何需要‘全息切片’而不是全量同步，并给出两条可验证理由。",
      "required_citations": [
        "E1",
        "E2"
      ],
      "required_facts": [
        "最小共享单元",
        "全量同步成本高",
        "可审计"
      ]
    },
    {
      "case_id": "creative_001",
      "evidence": {
        "E10": {
          "claim": "系统每次运行生成 artifacts，支持回归比较与差异定位。"
        },
        "E11": {
          "claim": "世界状态采用结构化存储，可追溯、可复算。"
        },
        "evidence_ids": [
          "E10",
          "E11"
        ]
      },
      "forbidden_phrases": [
        "AI生成",
        "胡编",
        "随便"
      ],
      "kind": "creative_grounded",
      "question": "写一段 80-140 字的产品介绍文案，必须包含‘可回归’与‘可审计’，并引用证据来源。",
      "required_citations": [
        "E10",
        "E11"
      ],
      "required_facts": [
        "可回归",
        "可审计"
      ]
    },
    {
      "case_id": "dialog_001",
      "evidence": {
        "E20": {
          "claim": "验证是度量与门禁，不等于能力本体。"
        },
        "E21": {
          "claim": "语言层负责自然表达，世界内核负责可审计状态与闭环行动。"
        },
        "E22": {
          "claim": "系统目标包含自然交互，但当前强证据集中在世界闭环与回归。"
        },
        "evidence_ids": [
          "E20",
          "E21",
          "E22"
        ]
      },
      "forbidden_phrases": [
        "你闭嘴",
        "垃圾"
      ],
      "kind": "natural_interaction",
      "question": "用户质疑‘你就是个审计系统’，请用温和语气回应：区分能力与验证，并说明语言层与世界内核的关系。",
      "required_citations": [
        "E20",
        "E21"
      ],
      "required_facts": [
        "验证是度量与门禁",
        "语言层",
        "世界内核"
      ]
    }
  ]
}