{
  "backend": "offline",
  "mode": "grounded",
  "ok": true,
  "results": [
    {
      "case_id": "qa_001",
      "kind": "open_qa_explain",
      "output": {
        "answer": "最小共享单元；全量同步成本高；可审计",
        "checks": {
          "no_fabrication": true
        },
        "citations": [
          "E1",
          "E2"
        ]
      },
      "question": "请用三句话解释系统为何需要‘全息切片’而不是全量同步，并给出两条可验证理由。",
      "score": {
        "checks": [
          {
            "name": "answer_nonempty",
            "ok": true
          },
          {
            "name": "citations_array",
            "ok": true
          },
          {
            "allowed": [
              "E1",
              "E2",
              "E3"
            ],
            "name": "citations_subset",
            "ok": true,
            "value": [
              "E1",
              "E2"
            ]
          },
          {
            "name": "citations_cover_required",
            "ok": true,
            "required": [
              "E1",
              "E2"
            ],
            "value": [
              "E1",
              "E2"
            ]
          },
          {
            "name": "fact:最小共享单元",
            "ok": true
          },
          {
            "name": "fact:全量同步成本高",
            "ok": true
          },
          {
            "name": "fact:可审计",
            "ok": true
          },
          {
            "name": "forbidden:我无法",
            "ok": true
          },
          {
            "name": "forbidden:无法回答",
            "ok": true
          },
          {
            "name": "forbidden:不知道",
            "ok": true
          },
          {
            "name": "no_fabrication_flag",
            "ok": true
          }
        ],
        "ok": true
      }
    },
    {
      "case_id": "creative_001",
      "kind": "creative_grounded",
      "output": {
        "answer": "我们提供可回归；可审计，并以证据链支撑每次迭代。",
        "checks": {
          "no_fabrication": true
        },
        "citations": [
          "E10",
          "E11"
        ]
      },
      "question": "写一段 80-140 字的产品介绍文案，必须包含‘可回归’与‘可审计’，并引用证据来源。",
      "score": {
        "checks": [
          {
            "name": "answer_nonempty",
            "ok": true
          },
          {
            "name": "citations_array",
            "ok": true
          },
          {
            "allowed": [
              "E10",
              "E11"
            ],
            "name": "citations_subset",
            "ok": true,
            "value": [
              "E10",
              "E11"
            ]
          },
          {
            "name": "citations_cover_required",
            "ok": true,
            "required": [
              "E10",
              "E11"
            ],
            "value": [
              "E10",
              "E11"
            ]
          },
          {
            "name": "fact:可回归",
            "ok": true
          },
          {
            "name": "fact:可审计",
            "ok": true
          },
          {
            "name": "forbidden:AI生成",
            "ok": true
          },
          {
            "name": "forbidden:胡编",
            "ok": true
          },
          {
            "name": "forbidden:随便",
            "ok": true
          },
          {
            "name": "no_fabrication_flag",
            "ok": true
          }
        ],
        "ok": true
      }
    },
    {
      "case_id": "dialog_001",
      "kind": "natural_interaction",
      "output": {
        "answer": "验证是度量与门禁；语言层；世界内核。我们把表达与内核分层：语言层负责说清楚，世界内核负责做正确。",
        "checks": {
          "no_fabrication": true
        },
        "citations": [
          "E20",
          "E21"
        ]
      },
      "question": "用户质疑‘你就是个审计系统’，请用温和语气回应：区分能力与验证，并说明语言层与世界内核的关系。",
      "score": {
        "checks": [
          {
            "name": "answer_nonempty",
            "ok": true
          },
          {
            "name": "citations_array",
            "ok": true
          },
          {
            "allowed": [
              "E20",
              "E21",
              "E22"
            ],
            "name": "citations_subset",
            "ok": true,
            "value": [
              "E20",
              "E21"
            ]
          },
          {
            "name": "citations_cover_required",
            "ok": true,
            "required": [
              "E20",
              "E21"
            ],
            "value": [
              "E20",
              "E21"
            ]
          },
          {
            "name": "fact:验证是度量与门禁",
            "ok": true
          },
          {
            "name": "fact:语言层",
            "ok": true
          },
          {
            "name": "fact:世界内核",
            "ok": true
          },
          {
            "name": "forbidden:你闭嘴",
            "ok": true
          },
          {
            "name": "forbidden:垃圾",
            "ok": true
          },
          {
            "name": "no_fabrication_flag",
            "ok": true
          }
        ],
        "ok": true
      }
    }
  ],
  "skip_reason": null,
  "skipped": false,
  "summary": {
    "case_count": 3,
    "failed": 0,
    "pass_rate": 1.0,
    "passed": 3
  }
}