{
  "best_key": "p0_step25_budget50",
  "island_id": 10,
  "points": [
    {
      "budget": 50.0,
      "conf_threshold": null,
      "step_limit": 25
    },
    {
      "budget": 60.0,
      "conf_threshold": null,
      "step_limit": 40
    }
  ],
  "root": "D:\\AI\\WordModule\\tests\\artifacts\\island10_sweep_20260204_030601",
  "rows": [
    {
      "config": {
        "budget": 50.0,
        "conf_threshold": 0.88,
        "step_limit": 25
      },
      "key": "p0_step25_budget50",
      "metrics": {
        "active": {
          "final_goal": {
            "ci95": [
              109.09358770946643,
              129.41794594644645
            ],
            "mean": 124.01037996617644
          },
          "law_pred_acc": {
            "ci95": [
              1.0,
              1.0
            ],
            "mean": 1.0
          },
          "n": 5,
          "steps_to_conf": {
            "ci95": [
              2.0,
              2.0
            ],
            "mean": 2.0
          },
          "success_rate": {
            "ci95": [
              0.0,
              1.0
            ],
            "mean": 0.8
          },
          "total_cost": {
            "ci95": [
              29.579999999999963,
              29.579999999999963
            ],
            "mean": 29.579999999999963
          },
          "violations": {
            "ci95": [
              0.0,
              0.0
            ],
            "mean": 0.0
          }
        },
        "baseline_greedy": {
          "final_goal": {
            "ci95": [
              104.42730497393944,
              110.17835416827681
            ],
            "mean": 108.12631635718215
          },
          "law_pred_acc": {
            "ci95": [
              0.0,
              0.0
            ],
            "mean": 0.2
          },
          "n": 5,
          "steps_to_conf": {
            "ci95": [
              15.0,
              18.0
            ],
            "mean": 16.8
          },
          "success_rate": {
            "ci95": [
              0.0,
              0.0
            ],
            "mean": 0.0
          },
          "total_cost": {
            "ci95": [
              18.5,
              19.5
            ],
            "mean": 19.1
          },
          "violations": {
            "ci95": [
              0.0,
              0.0
            ],
            "mean": 0.0
          }
        },
        "baseline_random": {
          "final_goal": {
            "ci95": [
              79.28109449844678,
              108.4756177217951
            ],
            "mean": 99.52055355566706
          },
          "law_pred_acc": {
            "ci95": [
              0.0,
              0.0
            ],
            "mean": 0.0
          },
          "n": 5,
          "steps_to_conf": {
            "ci95": [
              26.0,
              26.0
            ],
            "mean": 26.0
          },
          "success_rate": {
            "ci95": [
              0.0,
              0.0
            ],
            "mean": 0.0
          },
          "total_cost": {
            "ci95": [
              17.425536139508118,
              21.777314688857583
            ],
            "mean": 20.31350723122565
          },
          "violations": {
            "ci95": [
              0.0,
              0.0
            ],
            "mean": 0.0
          }
        },
        "delta": {
          "steps_improve_ratio": 0.8809523809523809,
          "success_improve_abs": 0.8
        }
      },
      "per_law": {
        "active": {
          "0": {
            "final_goal": {
              "ci95": [
                123.33552814298261,
                129.41794594644645
              ],
              "mean": 127.73957803035395
            },
            "law_pred_acc": {
              "ci95": [
                1.0,
                1.0
              ],
              "mean": 1.0
            },
            "n": 4,
            "steps_to_conf": {
              "ci95": [
                2.0,
                2.0
              ],
              "mean": 2.0
            },
            "success_rate": {
              "ci95": [
                1.0,
                1.0
              ],
              "mean": 1.0
            },
            "total_cost": {
              "ci95": [
                29.579999999999963,
                29.579999999999963
              ],
              "mean": 29.579999999999963
            },
            "violations": {
              "ci95": [
                0.0,
                0.0
              ],
              "mean": 0.0
            }
          },
          "2": {
            "final_goal": {
              "ci95": [
                109.09358770946643,
                109.09358770946643
              ],
              "mean": 109.09358770946643
            },
            "law_pred_acc": {
              "ci95": [
                1.0,
                1.0
              ],
              "mean": 1.0
            },
            "n": 1,
            "steps_to_conf": {
              "ci95": [
                2.0,
                2.0
              ],
              "mean": 2.0
            },
            "success_rate": {
              "ci95": [
                0.0,
                0.0
              ],
              "mean": 0.0
            },
            "total_cost": {
              "ci95": [
                29.579999999999963,
                29.579999999999963
              ],
              "mean": 29.579999999999963
            },
            "violations": {
              "ci95": [
                0.0,
                0.0
              ],
              "mean": 0.0
            }
          }
        }
      }
    },
    {
      "config": {
        "budget": 60.0,
        "conf_threshold": 0.88,
        "step_limit": 40
      },
      "key": "p1_step40_budget60",
      "metrics": {
        "active": {
          "final_goal": {
            "ci95": [
              97.9617467168712,
              115.49635114160442
            ],
            "mean": 110.78661600017438
          },
          "law_pred_acc": {
            "ci95": [
              1.0,
              1.0
            ],
            "mean": 1.0
          },
          "n": 5,
          "steps_to_conf": {
            "ci95": [
              2.0,
              2.0
            ],
            "mean": 2.0
          },
          "success_rate": {
            "ci95": [
              0.0,
              1.0
            ],
            "mean": 0.4
          },
          "total_cost": {
            "ci95": [
              52.07999999999996,
              52.07999999999996
            ],
            "mean": 52.07999999999996
          },
          "violations": {
            "ci95": [
              0.0,
              0.0
            ],
            "mean": 0.0
          }
        },
        "baseline_greedy": {
          "final_goal": {
            "ci95": [
              91.88407470322205,
              96.896069279333
            ],
            "mean": 95.17365229430838
          },
          "law_pred_acc": {
            "ci95": [
              0.0,
              0.0
            ],
            "mean": 0.2
          },
          "n": 5,
          "steps_to_conf": {
            "ci95": [
              15.0,
              18.0
            ],
            "mean": 16.8
          },
          "success_rate": {
            "ci95": [
              0.0,
              0.0
            ],
            "mean": 0.0
          },
          "total_cost": {
            "ci95": [
              26.0,
              27.0
            ],
            "mean": 26.6
          },
          "violations": {
            "ci95": [
              0.0,
              0.0
            ],
            "mean": 0.0
          }
        },
        "baseline_random": {
          "final_goal": {
            "ci95": [
              57.273344739118606,
              98.95158857534558
            ],
            "mean": 85.74177674273581
          },
          "law_pred_acc": {
            "ci95": [
              0.0,
              0.0
            ],
            "mean": 0.0
          },
          "n": 5,
          "steps_to_conf": {
            "ci95": [
              41.0,
              41.0
            ],
            "mean": 41.0
          },
          "success_rate": {
            "ci95": [
              0.0,
              0.0
            ],
            "mean": 0.0
          },
          "total_cost": {
            "ci95": [
              30.870074288661456,
              34.36907901416708
            ],
            "mean": 33.819036607923536
          },
          "violations": {
            "ci95": [
              0.0,
              0.0
            ],
            "mean": 0.0
          }
        },
        "delta": {
          "steps_improve_ratio": 0.8809523809523809,
          "success_improve_abs": 0.4
        }
      },
      "per_law": {
        "active": {
          "0": {
            "final_goal": {
              "ci95": [
                110.02377578574573,
                115.49635114160442
              ],
              "mean": 113.99283332100016
            },
            "law_pred_acc": {
              "ci95": [
                1.0,
                1.0
              ],
              "mean": 1.0
            },
            "n": 4,
            "steps_to_conf": {
              "ci95": [
                2.0,
                2.0
              ],
              "mean": 2.0
            },
            "success_rate": {
              "ci95": [
                0.0,
                1.0
              ],
              "mean": 0.5
            },
            "total_cost": {
              "ci95": [
                52.07999999999996,
                52.07999999999996
              ],
              "mean": 52.07999999999996
            },
            "violations": {
              "ci95": [
                0.0,
                0.0
              ],
              "mean": 0.0
            }
          },
          "2": {
            "final_goal": {
              "ci95": [
                97.9617467168712,
                97.9617467168712
              ],
              "mean": 97.9617467168712
            },
            "law_pred_acc": {
              "ci95": [
                1.0,
                1.0
              ],
              "mean": 1.0
            },
            "n": 1,
            "steps_to_conf": {
              "ci95": [
                2.0,
                2.0
              ],
              "mean": 2.0
            },
            "success_rate": {
              "ci95": [
                0.0,
                0.0
              ],
              "mean": 0.0
            },
            "total_cost": {
              "ci95": [
                52.07999999999996,
                52.07999999999996
              ],
              "mean": 52.07999999999996
            },
            "violations": {
              "ci95": [
                0.0,
                0.0
              ],
              "mean": 0.0
            }
          }
        }
      }
    }
  ],
  "run_id": "20260204_030601",
  "seeds": [
    1,
    2,
    3,
    4,
    5
  ],
  "suite": "sweep"
}