{
  "steps": [
    {
      "moved_dirs": [
        "steps/validate_all/run"
      ],
      "name": "validate_all",
      "ok": true,
      "returncode": 0,
      "seconds": 21.028629779815674,
      "stderr_path": "logs/validate_all.stderr.txt",
      "stdout_path": "logs/validate_all.stdout.txt"
    },
    {
      "moved_dirs": [
        "steps/holography_grid_quick/run"
      ],
      "name": "holography_grid_quick",
      "ok": true,
      "returncode": 0,
      "seconds": 0.4917738437652588,
      "stderr_path": "logs/holography_grid_quick.stderr.txt",
      "stdout_path": "logs/holography_grid_quick.stdout.txt"
    },
    {
      "moved_dirs": [
        "steps/holography_noise_sweep_quick/run"
      ],
      "name": "holography_noise_sweep_quick",
      "ok": true,
      "returncode": 0,
      "seconds": 2.474236249923706,
      "stderr_path": "logs/holography_noise_sweep_quick.stderr.txt",
      "stdout_path": "logs/holography_noise_sweep_quick.stdout.txt"
    },
    {
      "moved_dirs": [
        "steps/expression_grounded_quick/run"
      ],
      "name": "expression_grounded_quick",
      "ok": true,
      "returncode": 0,
      "seconds": 0.2876865863800049,
      "stderr_path": "logs/expression_grounded_quick.stderr.txt",
      "stdout_path": "logs/expression_grounded_quick.stdout.txt"
    },
    {
      "moved_dirs": [
        "steps/island10_sweep_quick/run"
      ],
      "name": "island10_sweep_quick",
      "ok": true,
      "returncode": 0,
      "seconds": 0.15253520011901855,
      "stderr_path": "logs/island10_sweep_quick.stderr.txt",
      "stdout_path": "logs/island10_sweep_quick.stdout.txt"
    },
    {
      "moved_dirs": [
        "steps/open_policy_matrix/run"
      ],
      "name": "open_policy_matrix",
      "ok": true,
      "returncode": 0,
      "seconds": 1.3074698448181152,
      "stderr_path": "logs/open_policy_matrix.stderr.txt",
      "stdout_path": "logs/open_policy_matrix.stdout.txt"
    },
    {
      "moved_dirs": [
        "steps/open_posterior_ablation/run"
      ],
      "name": "open_posterior_ablation",
      "ok": true,
      "returncode": 0,
      "seconds": 5.205846309661865,
      "stderr_path": "logs/open_posterior_ablation.stderr.txt",
      "stdout_path": "logs/open_posterior_ablation.stdout.txt"
    },
    {
      "moved_dirs": [
        "steps/open_env_compare/run"
      ],
      "name": "open_env_compare",
      "ok": true,
      "returncode": 0,
      "seconds": 1.039198637008667,
      "stderr_path": "logs/open_env_compare.stderr.txt",
      "stdout_path": "logs/open_env_compare.stdout.txt"
    },
    {
      "moved_dirs": [
        "steps/open_ood_sweep_quick/run"
      ],
      "name": "open_ood_sweep_quick",
      "ok": true,
      "returncode": 0,
      "seconds": 37.78671860694885,
      "stderr_path": "logs/open_ood_sweep_quick.stderr.txt",
      "stdout_path": "logs/open_ood_sweep_quick.stdout.txt"
    },
    {
      "moved_dirs": [
        "steps/open_ood_axis/run"
      ],
      "name": "open_ood_axis",
      "ok": true,
      "returncode": 0,
      "seconds": 33.761435747146606,
      "stderr_path": "logs/open_ood_axis.stderr.txt",
      "stdout_path": "logs/open_ood_axis.stdout.txt"
    },
    {
      "moved_dirs": [
        "steps/expression_artifacts_quick/run"
      ],
      "name": "expression_artifacts_quick",
      "ok": true,
      "returncode": 0,
      "seconds": 56.73750352859497,
      "stderr_path": "logs/expression_artifacts_quick.stderr.txt",
      "stdout_path": "logs/expression_artifacts_quick.stdout.txt"
    },
    {
      "moved_dirs": [
        "steps/style_growth_migration/run"
      ],
      "name": "style_growth_migration",
      "ok": true,
      "returncode": 0,
      "seconds": 0.34528422355651855,
      "stderr_path": "logs/style_growth_migration.stderr.txt",
      "stdout_path": "logs/style_growth_migration.stdout.txt"
    },
    {
      "moved_dirs": [
        "steps/expression_compare_quick/run"
      ],
      "name": "expression_compare_quick",
      "ok": true,
      "returncode": 0,
      "seconds": 54.94412660598755,
      "stderr_path": "logs/expression_compare_quick.stderr.txt",
      "stdout_path": "logs/expression_compare_quick.stdout.txt"
    }
  ]
}