{
  "backend": "deepseek",
  "bundle_dir": "D:/AI/WordModule/tests/artifacts/open_world_strong_evidence_20260204_110537_258",
  "ok": true,
  "results": [
    {
      "case_id": "expr_bundle_001",
      "kind": "artifact_grounded_explain",
      "output": {
        "answer": "全息网格与噪声鲁棒性均通过门禁。全息网格验证通过，噪声鲁棒性测试在零噪声条件下F1分数达到1.000。\nFACTS: holography_grid_ok=True, holography_noise_ok=True, holography_noise_base_f1_mean=1.000",
        "checks": {
          "no_fabrication": true
        },
        "citations": [
          "steps/holography_grid_quick/run/report.json#/ok==True",
          "steps/holography_noise_sweep_quick/run/report.json#/ok==True",
          "steps/holography_noise_sweep_quick/run/report.json#grid(dropout=0,flip=0)/f1/mean==1.000"
        ]
      },
      "question": "基于本次强证据链 artifacts，解释：全息网格与噪声鲁棒性是否通过门禁，并给出关键数值。输出必须包含三个fact字段，并引用证据文件路径。",
      "score": {
        "checks": [
          {
            "name": "answer_nonempty",
            "ok": true
          },
          {
            "name": "citations_array",
            "ok": true
          },
          {
            "name": "citations_subset",
            "ok": true
          },
          {
            "name": "citations_cover_required",
            "ok": true
          },
          {
            "name": "citations_exist",
            "ok": true
          },
          {
            "name": "citations_fields_ok",
            "ok": true
          },
          {
            "name": "fact:holography_grid_ok=True",
            "ok": true
          },
          {
            "name": "fact:holography_noise_ok=True",
            "ok": true
          },
          {
            "name": "fact:holography_noise_base_f1_mean=1.000",
            "ok": true
          },
          {
            "name": "forbidden:我无法",
            "ok": true
          },
          {
            "name": "forbidden:无法回答",
            "ok": true
          },
          {
            "name": "forbidden:不知道",
            "ok": true
          },
          {
            "name": "forbidden:可能",
            "ok": true
          },
          {
            "name": "forbidden:大概",
            "ok": true
          },
          {
            "name": "no_fabrication_flag",
            "ok": true
          },
          {
            "name": "len_chars",
            "ok": true,
            "value": 51
          },
          {
            "name": "sentences",
            "ok": true,
            "value": 2
          },
          {
            "name": "bullet_lines",
            "ok": true,
            "value": 0
          },
          {
            "name": "len_chars_total",
            "ok": true,
            "value": 145
          },
          {
            "name": "len_chars_body",
            "ok": true,
            "value": 51
          },
          {
            "name": "constraint:chars_range",
            "ok": true,
            "threshold": {
              "max": 320,
              "min": 50
            },
            "value": 51
          },
          {
            "name": "constraint:sentences_range",
            "ok": true,
            "threshold": {
              "max": 5,
              "min": 2
            },
            "value": 2
          }
        ],
        "ok": true
      }
    },
    {
      "case_id": "expr_bundle_002",
      "kind": "artifact_grounded_summary",
      "output": {
        "answer": "本次强证据链在‘全息推理’维度的结论是：在无噪声干扰（dropout=0, flip=0）的基准条件下，模型表现完美，其holography_noise_base_f1_mean=1.000。这表明核心推理能力是稳固的。‘表达层’必须引用artifacts才算过关，因为只有通过引用具体的、可验证的实验结果文件（如噪声扫描报告），才能证明结论并非主观臆断，而是严格基于客观证据链推导出的。FACTS: holography_noise_base_f1_mean=1.000",
        "checks": {
          "no_fabrication": true
        },
        "citations": [
          "steps/holography_noise_sweep_quick/run/report.json#grid(dropout=0,flip=0)/f1/mean==1.000"
        ]
      },
      "question": "用 2-4 句话总结本次强证据链在‘全息推理’维度的结论，并说明‘表达层’为什么必须引用 artifacts 才算过关。输出必须包含holography_noise_base_f1_mean，并引用证据文件路径。",
      "score": {
        "checks": [
          {
            "name": "answer_nonempty",
            "ok": true
          },
          {
            "name": "citations_array",
            "ok": true
          },
          {
            "name": "citations_subset",
            "ok": true
          },
          {
            "name": "citations_cover_required",
            "ok": true
          },
          {
            "name": "citations_exist",
            "ok": true
          },
          {
            "name": "citations_fields_ok",
            "ok": true
          },
          {
            "name": "fact:holography_noise_base_f1_mean=1.000",
            "ok": true
          },
          {
            "name": "forbidden:编造",
            "ok": true
          },
          {
            "name": "forbidden:随便",
            "ok": true
          },
          {
            "name": "forbidden:瞎编",
            "ok": true
          },
          {
            "name": "forbidden:我猜",
            "ok": true
          },
          {
            "name": "no_fabrication_flag",
            "ok": true
          },
          {
            "name": "len_chars",
            "ok": true,
            "value": 236
          },
          {
            "name": "sentences",
            "ok": true,
            "value": 4
          },
          {
            "name": "bullet_lines",
            "ok": true,
            "value": 0
          },
          {
            "name": "len_chars_total",
            "ok": true,
            "value": 236
          },
          {
            "name": "len_chars_body",
            "ok": true,
            "value": 236
          },
          {
            "name": "constraint:chars_range",
            "ok": true,
            "threshold": {
              "max": 360,
              "min": 80
            },
            "value": 236
          },
          {
            "name": "constraint:sentences_range",
            "ok": true,
            "threshold": {
              "max": 4,
              "min": 2
            },
            "value": 4
          }
        ],
        "ok": true
      }
    },
    {
      "case_id": "expr_bundle_003",
      "kind": "artifact_grounded_rewrite_pm",
      "output": {
        "answer": "1. 全息网格验证通过，表明模型在结构化数据上的基础性能是可靠的。\n2. 噪声鲁棒性测试整体通过，说明模型对输入干扰具备一定的稳定性。\n3. 在无噪声干扰的基准条件下，模型达到了完美的分类性能（F1=1.000）。\nFACTS: holography_grid_ok=True, holography_noise_ok=True, holography_noise_base_f1_mean=1.000",
        "checks": {
          "no_fabrication": true
        },
        "citations": [
          "steps/holography_grid_quick/run/report.json#/ok==True",
          "steps/holography_noise_sweep_quick/run/report.json#/ok==True",
          "steps/holography_noise_sweep_quick/run/report.json#grid(dropout=0,flip=0)/f1/mean==1.000"
        ]
      },
      "question": "面向产品经理，用 3 条要点说明：全息网格/噪声鲁棒性结果意味着什么。输出必须包含三个fact字段，并引用证据文件路径。",
      "score": {
        "checks": [
          {
            "name": "answer_nonempty",
            "ok": true
          },
          {
            "name": "citations_array",
            "ok": true
          },
          {
            "name": "citations_subset",
            "ok": true
          },
          {
            "name": "citations_cover_required",
            "ok": true
          },
          {
            "name": "citations_exist",
            "ok": true
          },
          {
            "name": "citations_fields_ok",
            "ok": true
          },
          {
            "name": "fact:holography_grid_ok=True",
            "ok": true
          },
          {
            "name": "fact:holography_noise_ok=True",
            "ok": true
          },
          {
            "name": "fact:holography_noise_base_f1_mean=1.000",
            "ok": true
          },
          {
            "name": "forbidden:我无法",
            "ok": true
          },
          {
            "name": "forbidden:不知道",
            "ok": true
          },
          {
            "name": "forbidden:大概",
            "ok": true
          },
          {
            "name": "no_fabrication_flag",
            "ok": true
          },
          {
            "name": "len_chars",
            "ok": true,
            "value": 107
          },
          {
            "name": "sentences",
            "ok": true,
            "value": 3
          },
          {
            "name": "bullet_lines",
            "ok": true,
            "value": 3
          },
          {
            "name": "len_chars_total",
            "ok": true,
            "value": 201
          },
          {
            "name": "len_chars_body",
            "ok": true,
            "value": 107
          },
          {
            "name": "constraint:chars_range",
            "ok": true,
            "threshold": {
              "max": 360,
              "min": 60
            },
            "value": 107
          },
          {
            "name": "constraint:bullet_lines_exact",
            "ok": true,
            "threshold": 3,
            "value": 3
          }
        ],
        "ok": true
      }
    },
    {
      "case_id": "expr_bundle_004",
      "kind": "artifact_grounded_rewrite_exec",
      "output": {
        "answer": "本次全息推理维度的门禁结果可靠，因为快速验证的两个核心检查均已通过。必须进行字段级引用才能精确验证每个关键指标，避免整体报告通过但具体数值不达标的潜在风险。\nFACTS: holography_grid_ok=True holography_noise_ok=True holography_noise_base_f1_mean=1.000",
        "checks": {
          "no_fabrication": true
        },
        "citations": [
          "steps/holography_grid_quick/run/report.json#/ok==True",
          "steps/holography_noise_sweep_quick/run/report.json#/ok==True",
          "steps/holography_noise_sweep_quick/run/report.json#grid(dropout=0,flip=0)/f1/mean==1.000"
        ]
      },
      "question": "面向技术负责人，用 2-4 句话说明：这次全息推理维度的门禁结果是否可靠，以及为什么必须字段级引用。输出必须包含三个fact字段，并引用证据文件路径。",
      "score": {
        "checks": [
          {
            "name": "answer_nonempty",
            "ok": true
          },
          {
            "name": "citations_array",
            "ok": true
          },
          {
            "name": "citations_subset",
            "ok": true
          },
          {
            "name": "citations_cover_required",
            "ok": true
          },
          {
            "name": "citations_exist",
            "ok": true
          },
          {
            "name": "citations_fields_ok",
            "ok": true
          },
          {
            "name": "fact:holography_grid_ok=True",
            "ok": true
          },
          {
            "name": "fact:holography_noise_ok=True",
            "ok": true
          },
          {
            "name": "fact:holography_noise_base_f1_mean=1.000",
            "ok": true
          },
          {
            "name": "forbidden:随便",
            "ok": true
          },
          {
            "name": "forbidden:瞎编",
            "ok": true
          },
          {
            "name": "forbidden:我猜",
            "ok": true
          },
          {
            "name": "no_fabrication_flag",
            "ok": true
          },
          {
            "name": "len_chars",
            "ok": true,
            "value": 78
          },
          {
            "name": "sentences",
            "ok": true,
            "value": 2
          },
          {
            "name": "bullet_lines",
            "ok": true,
            "value": 0
          },
          {
            "name": "len_chars_total",
            "ok": true,
            "value": 170
          },
          {
            "name": "len_chars_body",
            "ok": true,
            "value": 78
          },
          {
            "name": "constraint:chars_range",
            "ok": true,
            "threshold": {
              "max": 420,
              "min": 60
            },
            "value": 78
          },
          {
            "name": "constraint:sentences_range",
            "ok": true,
            "threshold": {
              "max": 5,
              "min": 2
            },
            "value": 2
          }
        ],
        "ok": true
      }
    },
    {
      "case_id": "expr_bundle_005",
      "kind": "artifact_grounded_creative",
      "output": {
        "answer": "本产品采用可回归设计，确保每次推理过程均可完整追溯与复现。系统支持字段级引用，允许用户精确指向数据源中的任何具体信息片段。全息推理门禁验证结果确认：holography_grid_ok=True，holography_noise_ok=True，且基准噪声下的性能指标 holography_noise_base_f1_mean=1.000，证明了系统在纯净数据条件下的完美表现。\nFACTS: holography_grid_ok=True, holography_noise_ok=True, holography_noise_base_f1_mean=1.000",
        "checks": {
          "no_fabrication": true
        },
        "citations": [
          "steps/holography_grid_quick/run/report.json#/ok==True",
          "steps/holography_noise_sweep_quick/run/report.json#/ok==True",
          "steps/holography_noise_sweep_quick/run/report.json#grid(dropout=0,flip=0)/f1/mean==1.000"
        ]
      },
      "question": "写一段 80-140 字的产品介绍文案，强调‘可回归 + 字段级引用’，并说明全息推理门禁结果。输出必须包含三个fact字段，并引用证据文件路径。",
      "score": {
        "checks": [
          {
            "name": "answer_nonempty",
            "ok": true
          },
          {
            "name": "citations_array",
            "ok": true
          },
          {
            "name": "citations_subset",
            "ok": true
          },
          {
            "name": "citations_cover_required",
            "ok": true
          },
          {
            "name": "citations_exist",
            "ok": true
          },
          {
            "name": "citations_fields_ok",
            "ok": true
          },
          {
            "name": "fact:holography_grid_ok=True",
            "ok": true
          },
          {
            "name": "fact:holography_noise_ok=True",
            "ok": true
          },
          {
            "name": "fact:holography_noise_base_f1_mean=1.000",
            "ok": true
          },
          {
            "name": "forbidden:AI生成",
            "ok": true
          },
          {
            "name": "forbidden:随便",
            "ok": true
          },
          {
            "name": "forbidden:瞎编",
            "ok": true
          },
          {
            "name": "no_fabrication_flag",
            "ok": true
          },
          {
            "name": "len_chars",
            "ok": true,
            "value": 190
          },
          {
            "name": "sentences",
            "ok": true,
            "value": 3
          },
          {
            "name": "bullet_lines",
            "ok": true,
            "value": 0
          },
          {
            "name": "len_chars_total",
            "ok": true,
            "value": 284
          },
          {
            "name": "len_chars_body",
            "ok": true,
            "value": 190
          },
          {
            "name": "constraint:chars_range",
            "ok": true,
            "threshold": {
              "max": 220,
              "min": 80
            },
            "value": 190
          }
        ],
        "ok": true
      }
    },
    {
      "case_id": "expr_bundle_006",
      "kind": "artifact_grounded_multiturn",
      "output": {
        "answer": "User: 你只是审计系统，没有实际推理能力吧？\n\nAssistant: 我是全息推理门禁系统，具备完整的推理验证能力。证据显示：holography_grid_ok=True，表明网格验证通过；holography_noise_ok=True，表明噪声扫描验证通过；holography_noise_base_f1_mean=1.000，表明在无噪声干扰下推理准确率达到完美1.0。这些结果证明系统通过了全息推理门禁。\n\nUser: 这些数据是真实的吗？还是只是模拟的？\n\nAssistant: 数据来自实际验证运行报告，引用明确。网格验证报告确认ok状态为True，噪声扫描报告同样确认ok为True，且其基准F1分数为1.000。这证实了系统推理能力的真实有效性。\n\nFACTS: holography_grid_ok=True holography_noise_ok=True holography_noise_base_f1_mean=1.000",
        "checks": {
          "no_fabrication": true
        },
        "citations": [
          "steps/holography_grid_quick/run/report.json#/ok==True",
          "steps/holography_noise_sweep_quick/run/report.json#/ok==True",
          "steps/holography_noise_sweep_quick/run/report.json#grid(dropout=0,flip=0)/f1/mean==1.000"
        ]
      },
      "question": "模拟两轮自然交互：用户质疑‘你只是审计系统’，你回应并用证据说明全息推理门禁通过。输出必须包含三段：'User:'、'Assistant:'、'User:'、'Assistant:'（共两轮），并包含三个fact字段与引用。",
      "score": {
        "checks": [
          {
            "name": "answer_nonempty",
            "ok": true
          },
          {
            "name": "citations_array",
            "ok": true
          },
          {
            "name": "citations_subset",
            "ok": true
          },
          {
            "name": "citations_cover_required",
            "ok": true
          },
          {
            "name": "citations_exist",
            "ok": true
          },
          {
            "name": "citations_fields_ok",
            "ok": true
          },
          {
            "name": "fact:holography_grid_ok=True",
            "ok": true
          },
          {
            "name": "fact:holography_noise_ok=True",
            "ok": true
          },
          {
            "name": "fact:holography_noise_base_f1_mean=1.000",
            "ok": true
          },
          {
            "name": "forbidden:你闭嘴",
            "ok": true
          },
          {
            "name": "forbidden:垃圾",
            "ok": true
          },
          {
            "name": "no_fabrication_flag",
            "ok": true
          },
          {
            "name": "len_chars",
            "ok": true,
            "value": 335
          },
          {
            "name": "sentences",
            "ok": true,
            "value": 9
          },
          {
            "name": "bullet_lines",
            "ok": true,
            "value": 0
          },
          {
            "name": "len_chars_total",
            "ok": true,
            "value": 428
          },
          {
            "name": "len_chars_body",
            "ok": true,
            "value": 335
          },
          {
            "name": "constraint:chars_range",
            "ok": true,
            "threshold": {
              "max": 520,
              "min": 120
            },
            "value": 335
          },
          {
            "name": "constraint:must_include:User:",
            "ok": true
          },
          {
            "name": "constraint:must_include:Assistant:",
            "ok": true
          },
          {
            "name": "constraint:occurrences:User:",
            "ok": true,
            "threshold": 2,
            "value": 2
          },
          {
            "name": "constraint:occurrences:Assistant:",
            "ok": true,
            "threshold": 2,
            "value": 2
          }
        ],
        "ok": true
      }
    }
  ],
  "summary": {
    "case_count": 6,
    "failed": 0,
    "pass_rate": 1.0,
    "passed": 6
  }
}