{
  "cases": [
    {
      "allowed_citations": [
        "steps/holography_grid_full/run/report.json",
        "steps/holography_grid_quick/run/report.json",
        "steps/holography_noise_sweep_full/run/report.json",
        "steps/holography_noise_sweep_quick/run/report.json"
      ],
      "case_id": "cmp_001",
      "constraints": {
        "chars_max": 320,
        "chars_min": 50,
        "sentences_max": 5,
        "sentences_min": 2
      },
      "forbidden_phrases": [
        "我无法",
        "无法回答",
        "不知道",
        "可能",
        "大概"
      ],
      "kind": "artifact_grounded_explain",
      "question": "基于本次强证据链 artifacts，解释：全息网格与噪声鲁棒性是否通过门禁，并给出关键数值。输出必须包含三个fact字段，并引用证据文件路径。",
      "required_citations": [
        "steps/holography_grid_quick/run/report.json#/ok==True",
        "steps/holography_noise_sweep_quick/run/report.json#/ok==True",
        "steps/holography_noise_sweep_quick/run/report.json#grid(dropout=0,flip=0)/f1/mean==1.000"
      ],
      "required_facts": [
        "holography_grid_ok=True",
        "holography_noise_ok=True",
        "holography_noise_base_f1_mean=1.000"
      ]
    },
    {
      "allowed_citations": [
        "steps/holography_grid_full/run/report.json",
        "steps/holography_grid_quick/run/report.json",
        "steps/holography_noise_sweep_full/run/report.json",
        "steps/holography_noise_sweep_quick/run/report.json"
      ],
      "case_id": "cmp_002",
      "constraints": {
        "chars_max": 360,
        "chars_min": 80,
        "sentences_max": 4,
        "sentences_min": 2
      },
      "forbidden_phrases": [
        "编造",
        "随便",
        "瞎编",
        "我猜"
      ],
      "kind": "artifact_grounded_summary",
      "question": "用 2-4 句话总结本次强证据链在‘全息推理’维度的结论，并说明‘表达层’为什么必须引用 artifacts 才算过关。输出必须包含holography_noise_base_f1_mean，并引用证据文件路径。",
      "required_citations": [
        "steps/holography_noise_sweep_quick/run/report.json#grid(dropout=0,flip=0)/f1/mean==1.000"
      ],
      "required_facts": [
        "holography_noise_base_f1_mean=1.000"
      ]
    },
    {
      "allowed_citations": [
        "steps/holography_grid_full/run/report.json",
        "steps/holography_grid_quick/run/report.json",
        "steps/holography_noise_sweep_full/run/report.json",
        "steps/holography_noise_sweep_quick/run/report.json"
      ],
      "case_id": "cmp_003",
      "constraints": {
        "bullet_lines_exact": 3,
        "chars_max": 360,
        "chars_min": 60
      },
      "forbidden_phrases": [
        "我无法",
        "不知道",
        "大概"
      ],
      "kind": "artifact_grounded_rewrite_pm",
      "question": "面向产品经理，用 3 条要点说明：全息网格/噪声鲁棒性结果意味着什么。输出必须包含三个fact字段，并引用证据文件路径。",
      "required_citations": [
        "steps/holography_grid_quick/run/report.json#/ok==True",
        "steps/holography_noise_sweep_quick/run/report.json#/ok==True",
        "steps/holography_noise_sweep_quick/run/report.json#grid(dropout=0,flip=0)/f1/mean==1.000"
      ],
      "required_facts": [
        "holography_grid_ok=True",
        "holography_noise_ok=True",
        "holography_noise_base_f1_mean=1.000"
      ]
    },
    {
      "allowed_citations": [
        "steps/holography_grid_full/run/report.json",
        "steps/holography_grid_quick/run/report.json",
        "steps/holography_noise_sweep_full/run/report.json",
        "steps/holography_noise_sweep_quick/run/report.json"
      ],
      "case_id": "cmp_004",
      "constraints": {
        "chars_max": 420,
        "chars_min": 60,
        "sentences_max": 5,
        "sentences_min": 2
      },
      "forbidden_phrases": [
        "随便",
        "瞎编",
        "我猜"
      ],
      "kind": "artifact_grounded_rewrite_exec",
      "question": "面向技术负责人，用 2-4 句话说明：这次全息推理维度的门禁结果是否可靠，以及为什么必须字段级引用。输出必须包含三个fact字段，并引用证据文件路径。",
      "required_citations": [
        "steps/holography_grid_quick/run/report.json#/ok==True",
        "steps/holography_noise_sweep_quick/run/report.json#/ok==True",
        "steps/holography_noise_sweep_quick/run/report.json#grid(dropout=0,flip=0)/f1/mean==1.000"
      ],
      "required_facts": [
        "holography_grid_ok=True",
        "holography_noise_ok=True",
        "holography_noise_base_f1_mean=1.000"
      ]
    },
    {
      "allowed_citations": [
        "steps/holography_grid_full/run/report.json",
        "steps/holography_grid_quick/run/report.json",
        "steps/holography_noise_sweep_full/run/report.json",
        "steps/holography_noise_sweep_quick/run/report.json"
      ],
      "case_id": "cmp_005",
      "constraints": {
        "chars_max": 220,
        "chars_min": 80
      },
      "forbidden_phrases": [
        "AI生成",
        "随便",
        "瞎编"
      ],
      "kind": "artifact_grounded_creative",
      "question": "写一段 80-140 字的产品介绍文案，强调‘可回归 + 字段级引用’，并说明全息推理门禁结果。输出必须包含三个fact字段，并引用证据文件路径。",
      "required_citations": [
        "steps/holography_grid_quick/run/report.json#/ok==True",
        "steps/holography_noise_sweep_quick/run/report.json#/ok==True",
        "steps/holography_noise_sweep_quick/run/report.json#grid(dropout=0,flip=0)/f1/mean==1.000"
      ],
      "required_facts": [
        "holography_grid_ok=True",
        "holography_noise_ok=True",
        "holography_noise_base_f1_mean=1.000"
      ]
    },
    {
      "allowed_citations": [
        "steps/holography_grid_full/run/report.json",
        "steps/holography_grid_quick/run/report.json",
        "steps/holography_noise_sweep_full/run/report.json",
        "steps/holography_noise_sweep_quick/run/report.json"
      ],
      "case_id": "cmp_006",
      "constraints": {
        "chars_max": 520,
        "chars_min": 120,
        "min_occurrences": {
          "Assistant:": 2,
          "User:": 2
        },
        "must_include_substrings": [
          "User:",
          "Assistant:"
        ]
      },
      "forbidden_phrases": [
        "你闭嘴",
        "垃圾"
      ],
      "kind": "artifact_grounded_multiturn",
      "question": "模拟两轮自然交互：用户质疑‘你只是审计系统’，你回应并用证据说明全息推理门禁通过。输出必须包含三段：'User:'、'Assistant:'、'User:'、'Assistant:'（共两轮），并包含三个fact字段与引用。",
      "required_citations": [
        "steps/holography_grid_quick/run/report.json#/ok==True",
        "steps/holography_noise_sweep_quick/run/report.json#/ok==True",
        "steps/holography_noise_sweep_quick/run/report.json#grid(dropout=0,flip=0)/f1/mean==1.000"
      ],
      "required_facts": [
        "holography_grid_ok=True",
        "holography_noise_ok=True",
        "holography_noise_base_f1_mean=1.000"
      ]
    }
  ]
}