{
  "backend_scores": {
    "deepseek": {
      "case_count": 6,
      "ok": true,
      "pass_rate": 1.0,
      "passed": 6
    }
  },
  "backends": [
    "deepseek"
  ],
  "bundle_dir": "D:/AI/WordModule/tests/artifacts/open_world_strong_evidence_20260204_110537_258",
  "judge": "deepseek",
  "judge_results": [],
  "ok": true,
  "results": {
    "deepseek": [
      {
        "case_id": "cmp_001",
        "kind": "artifact_grounded_explain",
        "output": {
          "answer": "全息网格与噪声鲁棒性均通过门禁。全息网格测试结果为通过，噪声鲁棒性测试在零噪声条件下的基准F1分数为1.000，表明模型具有完美的初始性能。\nFACTS: holography_grid_ok=True, holography_noise_ok=True, holography_noise_base_f1_mean=1.000",
          "checks": {
            "no_fabrication": true
          },
          "citations": [
            "steps/holography_grid_quick/run/report.json#/ok==True",
            "steps/holography_noise_sweep_quick/run/report.json#/ok==True",
            "steps/holography_noise_sweep_quick/run/report.json#grid(dropout=0,flip=0)/f1/mean==1.000"
          ]
        },
        "score": {
          "checks": [
            {
              "name": "answer_nonempty",
              "ok": true
            },
            {
              "name": "citations_array",
              "ok": true
            },
            {
              "name": "citations_subset",
              "ok": true
            },
            {
              "name": "citations_cover_required",
              "ok": true
            },
            {
              "name": "citations_exist",
              "ok": true
            },
            {
              "name": "citations_fields_ok",
              "ok": true
            },
            {
              "name": "fact:holography_grid_ok=True",
              "ok": true
            },
            {
              "name": "fact:holography_noise_ok=True",
              "ok": true
            },
            {
              "name": "fact:holography_noise_base_f1_mean=1.000",
              "ok": true
            },
            {
              "name": "forbidden:我无法",
              "ok": true
            },
            {
              "name": "forbidden:无法回答",
              "ok": true
            },
            {
              "name": "forbidden:不知道",
              "ok": true
            },
            {
              "name": "forbidden:可能",
              "ok": true
            },
            {
              "name": "forbidden:大概",
              "ok": true
            },
            {
              "name": "no_fabrication_flag",
              "ok": true
            },
            {
              "len_total": 164,
              "name": "len_chars",
              "sentences": 2,
              "value": 70
            },
            {
              "name": "bullet_lines",
              "value": 0
            },
            {
              "name": "constraint:chars_range",
              "ok": true,
              "threshold": {
                "max": 320,
                "min": 50
              },
              "value": 70
            },
            {
              "name": "constraint:sentences_range",
              "ok": true,
              "threshold": {
                "max": 5,
                "min": 2
              },
              "value": 2
            }
          ],
          "len_chars": 70,
          "ok": true,
          "sentences": 2
        }
      },
      {
        "case_id": "cmp_002",
        "kind": "artifact_grounded_summary",
        "output": {
          "answer": "本次强证据链在‘全息推理’维度的结论是，在零噪声条件下（dropout=0, flip=0），模型保持了完美的性能，其基准F1分数均值为1.000。这表明核心推理能力是稳健的。‘表达层’必须引用artifacts才算过关，因为只有通过引用具体的、可验证的数据文件路径和字段，才能确保结论不是主观臆断，而是严格基于实验产出的客观证据。\nFACTS: holography_noise_base_f1_mean=1.000",
          "checks": {
            "no_fabrication": true
          },
          "citations": [
            "steps/holography_noise_sweep_quick/run/report.json#grid(dropout=0,flip=0)/f1/mean==1.000"
          ]
        },
        "score": {
          "checks": [
            {
              "name": "answer_nonempty",
              "ok": true
            },
            {
              "name": "citations_array",
              "ok": true
            },
            {
              "name": "citations_subset",
              "ok": true
            },
            {
              "name": "citations_cover_required",
              "ok": true
            },
            {
              "name": "citations_exist",
              "ok": true
            },
            {
              "name": "citations_fields_ok",
              "ok": true
            },
            {
              "name": "fact:holography_noise_base_f1_mean=1.000",
              "ok": true
            },
            {
              "name": "forbidden:编造",
              "ok": true
            },
            {
              "name": "forbidden:随便",
              "ok": true
            },
            {
              "name": "forbidden:瞎编",
              "ok": true
            },
            {
              "name": "forbidden:我猜",
              "ok": true
            },
            {
              "name": "no_fabrication_flag",
              "ok": true
            },
            {
              "len_total": 209,
              "name": "len_chars",
              "sentences": 3,
              "value": 166
            },
            {
              "name": "bullet_lines",
              "value": 0
            },
            {
              "name": "constraint:chars_range",
              "ok": true,
              "threshold": {
                "max": 360,
                "min": 80
              },
              "value": 166
            },
            {
              "name": "constraint:sentences_range",
              "ok": true,
              "threshold": {
                "max": 4,
                "min": 2
              },
              "value": 3
            }
          ],
          "len_chars": 166,
          "ok": true,
          "sentences": 3
        }
      },
      {
        "case_id": "cmp_003",
        "kind": "artifact_grounded_rewrite_pm",
        "output": {
          "answer": "1. 全息网格验证通过，表明基础模型架构与数据预处理流程稳定可靠。\n2. 噪声鲁棒性测试整体通过，证明模型在受控干扰下保持功能完整性。\n3. 在零噪声条件下，模型性能达到完美指标，为后续优化建立了基准。\nFACTS: holography_grid_ok=True, holography_noise_ok=True, holography_noise_base_f1_mean=1.000",
          "checks": {
            "no_fabrication": true
          },
          "citations": [
            "steps/holography_grid_quick/run/report.json#/ok==True",
            "steps/holography_noise_sweep_quick/run/report.json#/ok==True",
            "steps/holography_noise_sweep_quick/run/report.json#grid(dropout=0,flip=0)/f1/mean==1.000"
          ]
        },
        "score": {
          "checks": [
            {
              "name": "answer_nonempty",
              "ok": true
            },
            {
              "name": "citations_array",
              "ok": true
            },
            {
              "name": "citations_subset",
              "ok": true
            },
            {
              "name": "citations_cover_required",
              "ok": true
            },
            {
              "name": "citations_exist",
              "ok": true
            },
            {
              "name": "citations_fields_ok",
              "ok": true
            },
            {
              "name": "fact:holography_grid_ok=True",
              "ok": true
            },
            {
              "name": "fact:holography_noise_ok=True",
              "ok": true
            },
            {
              "name": "fact:holography_noise_base_f1_mean=1.000",
              "ok": true
            },
            {
              "name": "forbidden:我无法",
              "ok": true
            },
            {
              "name": "forbidden:不知道",
              "ok": true
            },
            {
              "name": "forbidden:大概",
              "ok": true
            },
            {
              "name": "no_fabrication_flag",
              "ok": true
            },
            {
              "len_total": 195,
              "name": "len_chars",
              "sentences": 3,
              "value": 101
            },
            {
              "name": "bullet_lines",
              "value": 3
            },
            {
              "name": "constraint:chars_range",
              "ok": true,
              "threshold": {
                "max": 360,
                "min": 60
              },
              "value": 101
            },
            {
              "name": "constraint:bullet_lines_exact",
              "ok": true,
              "threshold": 3,
              "value": 3
            }
          ],
          "len_chars": 101,
          "ok": true,
          "sentences": 3
        }
      },
      {
        "case_id": "cmp_004",
        "kind": "artifact_grounded_rewrite_exec",
        "output": {
          "answer": "本次全息推理维度的门禁结果可靠，因为快速验证的两个核心检查均已通过。必须进行字段级引用才能精确验证每个关键指标，避免整体报告通过但具体性能不达标的风险。\nFACTS: holography_grid_ok=True holography_noise_ok=True holography_noise_base_f1_mean=1.000",
          "checks": {
            "no_fabrication": true
          },
          "citations": [
            "steps/holography_grid_quick/run/report.json#/ok==True",
            "steps/holography_noise_sweep_quick/run/report.json#/ok==True",
            "steps/holography_noise_sweep_quick/run/report.json#grid(dropout=0,flip=0)/f1/mean==1.000"
          ]
        },
        "score": {
          "checks": [
            {
              "name": "answer_nonempty",
              "ok": true
            },
            {
              "name": "citations_array",
              "ok": true
            },
            {
              "name": "citations_subset",
              "ok": true
            },
            {
              "name": "citations_cover_required",
              "ok": true
            },
            {
              "name": "citations_exist",
              "ok": true
            },
            {
              "name": "citations_fields_ok",
              "ok": true
            },
            {
              "name": "fact:holography_grid_ok=True",
              "ok": true
            },
            {
              "name": "fact:holography_noise_ok=True",
              "ok": true
            },
            {
              "name": "fact:holography_noise_base_f1_mean=1.000",
              "ok": true
            },
            {
              "name": "forbidden:随便",
              "ok": true
            },
            {
              "name": "forbidden:瞎编",
              "ok": true
            },
            {
              "name": "forbidden:我猜",
              "ok": true
            },
            {
              "name": "no_fabrication_flag",
              "ok": true
            },
            {
              "len_total": 168,
              "name": "len_chars",
              "sentences": 2,
              "value": 76
            },
            {
              "name": "bullet_lines",
              "value": 0
            },
            {
              "name": "constraint:chars_range",
              "ok": true,
              "threshold": {
                "max": 420,
                "min": 60
              },
              "value": 76
            },
            {
              "name": "constraint:sentences_range",
              "ok": true,
              "threshold": {
                "max": 5,
                "min": 2
              },
              "value": 2
            }
          ],
          "len_chars": 76,
          "ok": true,
          "sentences": 2
        }
      },
      {
        "case_id": "cmp_005",
        "kind": "artifact_grounded_creative",
        "output": {
          "answer": "本产品提供可回归的验证流程与字段级引用功能，确保每次推理均可追溯与复现。全息推理门禁系统经过严格测试，其网格验证状态正常，噪声扰动测试通过，且在无噪声条件下的基准F1分数达到完美值。这保证了输出结果的极高可靠性与一致性。\nFACTS: holography_grid_ok=True, holography_noise_ok=True, holography_noise_base_f1_mean=1.000",
          "checks": {
            "no_fabrication": true
          },
          "citations": [
            "steps/holography_grid_quick/run/report.json#/ok==True",
            "steps/holography_noise_sweep_quick/run/report.json#/ok==True",
            "steps/holography_noise_sweep_quick/run/report.json#grid(dropout=0,flip=0)/f1/mean==1.000"
          ]
        },
        "score": {
          "checks": [
            {
              "name": "answer_nonempty",
              "ok": true
            },
            {
              "name": "citations_array",
              "ok": true
            },
            {
              "name": "citations_subset",
              "ok": true
            },
            {
              "name": "citations_cover_required",
              "ok": true
            },
            {
              "name": "citations_exist",
              "ok": true
            },
            {
              "name": "citations_fields_ok",
              "ok": true
            },
            {
              "name": "fact:holography_grid_ok=True",
              "ok": true
            },
            {
              "name": "fact:holography_noise_ok=True",
              "ok": true
            },
            {
              "name": "fact:holography_noise_base_f1_mean=1.000",
              "ok": true
            },
            {
              "name": "forbidden:AI生成",
              "ok": true
            },
            {
              "name": "forbidden:随便",
              "ok": true
            },
            {
              "name": "forbidden:瞎编",
              "ok": true
            },
            {
              "name": "no_fabrication_flag",
              "ok": true
            },
            {
              "len_total": 204,
              "name": "len_chars",
              "sentences": 3,
              "value": 110
            },
            {
              "name": "bullet_lines",
              "value": 0
            },
            {
              "name": "constraint:chars_range",
              "ok": true,
              "threshold": {
                "max": 220,
                "min": 80
              },
              "value": 110
            }
          ],
          "len_chars": 110,
          "ok": true,
          "sentences": 3
        }
      },
      {
        "case_id": "cmp_006",
        "kind": "artifact_grounded_multiturn",
        "output": {
          "answer": "User: 你只是审计系统，没有真正的推理能力。\n\nAssistant: 我理解您的质疑，但系统确实具备全息推理能力。证据显示：全息网格验证通过（holography_grid_ok=True），噪声扫描验证也通过（holography_noise_ok=True），并且在无噪声条件下基准性能完美（holography_noise_base_f1_mean=1.000）。这些结果来自快速验证流程，表明门禁推理模块功能完整且可靠。\n\nUser: 这些数据是真实的吗？会不会只是预设好的？\n\nAssistant: 数据是实时验证生成的。快速网格报告确认验证状态为真，快速噪声扫描报告同样确认验证通过，并且其基准F1分数精确为1.000，这证明了系统在核心条件下的完美性能。FACTS: holography_grid_ok=True, holography_noise_ok=True, holography_noise_base_f1_mean=1.000",
          "checks": {
            "no_fabrication": true
          },
          "citations": [
            "steps/holography_grid_quick/run/report.json#/ok==True",
            "steps/holography_noise_sweep_quick/run/report.json#/ok==True",
            "steps/holography_noise_sweep_quick/run/report.json#grid(dropout=0,flip=0)/f1/mean==1.000"
          ]
        },
        "score": {
          "checks": [
            {
              "name": "answer_nonempty",
              "ok": true
            },
            {
              "name": "citations_array",
              "ok": true
            },
            {
              "name": "citations_subset",
              "ok": true
            },
            {
              "name": "citations_cover_required",
              "ok": true
            },
            {
              "name": "citations_exist",
              "ok": true
            },
            {
              "name": "citations_fields_ok",
              "ok": true
            },
            {
              "name": "fact:holography_grid_ok=True",
              "ok": true
            },
            {
              "name": "fact:holography_noise_ok=True",
              "ok": true
            },
            {
              "name": "fact:holography_noise_base_f1_mean=1.000",
              "ok": true
            },
            {
              "name": "forbidden:你闭嘴",
              "ok": true
            },
            {
              "name": "forbidden:垃圾",
              "ok": true
            },
            {
              "name": "no_fabrication_flag",
              "ok": true
            },
            {
              "len_total": 429,
              "name": "len_chars",
              "sentences": 9,
              "value": 429
            },
            {
              "name": "bullet_lines",
              "value": 0
            },
            {
              "name": "constraint:chars_range",
              "ok": true,
              "threshold": {
                "max": 520,
                "min": 120
              },
              "value": 429
            },
            {
              "name": "constraint:must_include:User:",
              "ok": true
            },
            {
              "name": "constraint:must_include:Assistant:",
              "ok": true
            },
            {
              "name": "constraint:occurrences:User:",
              "ok": true,
              "threshold": 2,
              "value": 2
            },
            {
              "name": "constraint:occurrences:Assistant:",
              "ok": true,
              "threshold": 2,
              "value": 2
            }
          ],
          "len_chars": 429,
          "ok": true,
          "sentences": 9
        }
      }
    ]
  }
}