{
  "cases": [
    {
      "case": {
        "include_boundary_links": false,
        "node_init": "strong",
        "nx": 16,
        "ny": 16
      },
      "reasoning": {
        "hash_ok": true,
        "recon_links_sha256": "629b498869efca37ca1db4feae619f932bf1d827f78099f6d6f4f17bfb50e766",
        "recon_node_state_sha256": "7bdf09690509ac0d33e3d318f7bdd4315236f32af2030fd21a1b9182426694a9",
        "world_links_sha256": "629b498869efca37ca1db4feae619f932bf1d827f78099f6d6f4f17bfb50e766",
        "world_node_state_sha256": "7bdf09690509ac0d33e3d318f7bdd4315236f32af2030fd21a1b9182426694a9"
      },
      "reconstruct": {
        "expected_nodes": 256,
        "links": 480,
        "meta": {
          "boundary_nodes": 60,
          "mismatched_boundary": 0,
          "nx": 16,
          "ny": 16
        },
        "nodes": 256,
        "ok": true
      },
      "slice": {
        "boundary_nodes": 60,
        "compression_ratio": 0.234375
      },
      "timing_ms": {
        "export_slice": 0.506499782204628,
        "reconstruct": 3.778300015255809,
        "total": 4.284799797460437
      },
      "world": {
        "links": 480,
        "nodes": 256,
        "nx": 16,
        "ny": 16
      }
    },
    {
      "case": {
        "include_boundary_links": false,
        "node_init": "strong",
        "nx": 32,
        "ny": 32
      },
      "reasoning": {
        "hash_ok": true,
        "recon_links_sha256": "28bd169b5c6e2c7e8980bca559ed8373656f0a1cba115ff3ed15e9649eb2490a",
        "recon_node_state_sha256": "3a9848459c86e70b009603056212b151eb06c65f3a159c72f512023eb5effd25",
        "world_links_sha256": "28bd169b5c6e2c7e8980bca559ed8373656f0a1cba115ff3ed15e9649eb2490a",
        "world_node_state_sha256": "3a9848459c86e70b009603056212b151eb06c65f3a159c72f512023eb5effd25"
      },
      "reconstruct": {
        "expected_nodes": 1024,
        "links": 1984,
        "meta": {
          "boundary_nodes": 124,
          "mismatched_boundary": 0,
          "nx": 32,
          "ny": 32
        },
        "nodes": 1024,
        "ok": true
      },
      "slice": {
        "boundary_nodes": 124,
        "compression_ratio": 0.12109375
      },
      "timing_ms": {
        "export_slice": 1.802799990400672,
        "reconstruct": 14.869899954646826,
        "total": 16.672699945047498
      },
      "world": {
        "links": 1984,
        "nodes": 1024,
        "nx": 32,
        "ny": 32
      }
    },
    {
      "case": {
        "include_boundary_links": false,
        "node_init": "strong",
        "nx": 64,
        "ny": 64
      },
      "reasoning": {
        "hash_ok": true,
        "recon_links_sha256": "8caca0a18be5a1e6347b83d4b67e414b85d5f995c8e4a7fd05b0fc89ca9027fc",
        "recon_node_state_sha256": "378028edb5784388dbd6fbc9dfd113ba82b1469ab364f2976b871888f933dc61",
        "world_links_sha256": "8caca0a18be5a1e6347b83d4b67e414b85d5f995c8e4a7fd05b0fc89ca9027fc",
        "world_node_state_sha256": "378028edb5784388dbd6fbc9dfd113ba82b1469ab364f2976b871888f933dc61"
      },
      "reconstruct": {
        "expected_nodes": 4096,
        "links": 8064,
        "meta": {
          "boundary_nodes": 252,
          "mismatched_boundary": 0,
          "nx": 64,
          "ny": 64
        },
        "nodes": 4096,
        "ok": true
      },
      "slice": {
        "boundary_nodes": 252,
        "compression_ratio": 0.0615234375
      },
      "timing_ms": {
        "export_slice": 6.041999906301498,
        "reconstruct": 71.11510005779564,
        "total": 77.15709996409714
      },
      "world": {
        "links": 8064,
        "nodes": 4096,
        "nx": 64,
        "ny": 64
      }
    }
  ],
  "ok": true,
  "run_dir": "D:/AI/WordModule/tests/artifacts/wmv2_holography_benchmark_20260204_110558_565",
  "suite": "holography"
}
