{
  "suite": "open",
  "island_id": 10,
  "island_name": "active_experimentation_innovation",
  "island_title": "Active Experimentation + Innovation [Open]",
  "episodes": 60,
  "drift": {
    "prob": 0.8,
    "events_max": 2,
    "events_total": 96,
    "detected_total": 65,
    "undetected_total": 31,
    "detect_rate": 0.6770833333333334,
    "delay_detected": {
      "mean": 2.4,
      "p50": 2.0,
      "p95": 4.0
    }
  },
  "recovery": {
    "events_total": 96,
    "recovered_total": 60,
    "recover_rate": 0.625,
    "recovery_steps_detected": {
      "mean": 1.0666666666666667,
      "p50": 0.0,
      "p95": 3.0
    },
    "drawdown": {
      "mean": -22.471212960271686,
      "p50": -7.848111800380892,
      "p95": -0.6076722991366097
    },
    "drawdown_auc": {
      "mean": 163.46661134970338,
      "p50": 2.205944789162089,
      "p95": 688.169457613265
    },
    "recover_to_target": {
      "target": 115.0,
      "events_total": 96,
      "recovered_total": 73,
      "recover_rate": 0.7604166666666666,
      "recovery_steps_detected": {
        "mean": 0.0,
        "p50": 0.0,
        "p95": 0.0
      }
    },
    "regret_to_target": {
      "mean": 175.32274851943228,
      "p50": 77.80631204589127,
      "p95": 583.4168086510875
    }
  },
  "decomposition": {
    "post_drift": {
      "regret_to_target_total": 9038.044252518572,
      "action_cost_totals": {
        "rewire": 560.8000000000001,
        "measure_global": 160.5,
        "inject_probe": 260.2487630121239,
        "transfer_probe": 140.26260251820264
      },
      "action_count_totals": {
        "rewire": 701,
        "measure_global": 107,
        "inject_probe": 110,
        "transfer_probe": 67
      }
    },
    "corr": {
      "action_cost_vs_regret": {
        "inject_probe": 0.5519333175253403,
        "measure_global": 0.3621703798661983,
        "measure_local": -0.09301806664066699,
        "rewire": -0.4851428440308144,
        "transfer_probe": 0.3074143312077281
      }
    },
    "interval_level": {
      "n_intervals": 96,
      "by_action": {
        "inject_probe": {
          "intervals_used": 82,
          "cost_total": 260.2487630121239,
          "count_total": 110,
          "corr_cost_vs_interval_regret": 0.3840936831015948,
          "regret_per_cost": {
            "mean": 32.12705593243278,
            "p50": 0.0,
            "p95": 150.46388868029715
          }
        },
        "measure_global": {
          "intervals_used": 88,
          "cost_total": 160.5,
          "count_total": 107,
          "corr_cost_vs_interval_regret": 0.27983575326101734,
          "regret_per_cost": {
            "mean": 56.67062749347451,
            "p50": 0.0,
            "p95": 315.05621806026306
          }
        },
        "rewire": {
          "intervals_used": 96,
          "cost_total": 560.8000000000001,
          "count_total": 701,
          "corr_cost_vs_interval_regret": 0.27708331088051863,
          "regret_per_cost": {
            "mean": 14.660275268720776,
            "p50": 0.0,
            "p95": 65.63671209588811
          }
        },
        "transfer_probe": {
          "intervals_used": 64,
          "cost_total": 140.26260251820264,
          "count_total": 67,
          "corr_cost_vs_interval_regret": 0.2613354865158716,
          "regret_per_cost": {
            "mean": 65.7307886005823,
            "p50": 4.010455433095485,
            "p95": 250.29067009647477
          }
        }
      },
      "ridge": {
        "cost": {
          "best": {
            "alpha": 5.0,
            "n": 96,
            "ok": true,
            "intercept": -68.76472855036648,
            "coef": {
              "inject_probe": 32.42803887295135,
              "measure_global": 18.643097473207686,
              "rewire": 5.528731301162819,
              "transfer_probe": 7.894987771052135
            },
            "std_coef": {
              "inject_probe": 0.27958678415158666,
              "measure_global": 0.094378020359705,
              "rewire": 0.1251273231933476,
              "transfer_probe": 0.052678652678010286
            },
            "r2": 0.1849125048998309,
            "corr_pred": 0.4300609494290556
          },
          "grid": [
            {
              "alpha": 0.0,
              "r2": 0.18498786447461657,
              "corr_pred": 0.4301021558590653,
              "ok": true
            },
            {
              "alpha": 0.1,
              "r2": 0.18498783152164677,
              "corr_pred": 0.4301021376671413,
              "ok": true
            },
            {
              "alpha": 0.5,
              "r2": 0.18498704696645285,
              "corr_pred": 0.43010170497504274,
              "ok": true
            },
            {
              "alpha": 1.0,
              "r2": 0.18498462538024107,
              "corr_pred": 0.43010037142176055,
              "ok": true
            },
            {
              "alpha": 5.0,
              "r2": 0.1849125048998309,
              "corr_pred": 0.4300609494290556,
              "ok": true
            }
          ],
          "cv": {
            "k": 5,
            "seed": 12345,
            "best_alpha": 5.0,
            "grid": [
              {
                "alpha": 0.0,
                "mean_r2": 0.08549651747596325,
                "mean_corr_pred": 0.3908098608170131,
                "folds": 5
              },
              {
                "alpha": 0.1,
                "mean_r2": 0.08559028193093558,
                "mean_corr_pred": 0.3909349090241975,
                "folds": 5
              },
              {
                "alpha": 0.5,
                "mean_r2": 0.0859606499867797,
                "mean_corr_pred": 0.391426442462376,
                "folds": 5
              },
              {
                "alpha": 1.0,
                "mean_r2": 0.08641331200311823,
                "mean_corr_pred": 0.3920219484888509,
                "folds": 5
              },
              {
                "alpha": 5.0,
                "mean_r2": 0.09184796574479452,
                "mean_corr_pred": 0.3961270253653118,
                "folds": 5
              }
            ]
          }
        },
        "count": {
          "best": {
            "alpha": 5.0,
            "n": 96,
            "ok": true,
            "intercept": -51.30751122750619,
            "coef": {
              "inject_probe": 53.08567853991506,
              "measure_global": 29.820773060129856,
              "rewire": 5.011545963385392,
              "transfer_probe": 21.19737691345459
            },
            "std_coef": {
              "inject_probe": 0.2010212546278608,
              "measure_global": 0.10064227188483527,
              "rewire": 0.1417778549228261,
              "transfer_probe": 0.06747955159397787
            },
            "r2": 0.16156103254714071,
            "corr_pred": 0.4024241473473956
          },
          "grid": [
            {
              "alpha": 0.0,
              "r2": 0.16235725724157524,
              "corr_pred": 0.4029357979152187,
              "ok": true
            },
            {
              "alpha": 0.1,
              "r2": 0.16235686543631245,
              "corr_pred": 0.40293556799472574,
              "ok": true
            },
            {
              "alpha": 0.5,
              "r2": 0.16234763562318133,
              "corr_pred": 0.40293010642666804,
              "ok": true
            },
            {
              "alpha": 1.0,
              "r2": 0.1623196112078299,
              "corr_pred": 0.4029133089363224,
              "ok": true
            },
            {
              "alpha": 5.0,
              "r2": 0.16156103254714071,
              "corr_pred": 0.4024241473473956,
              "ok": true
            }
          ],
          "cv": {
            "k": 5,
            "seed": 12345,
            "best_alpha": 5.0,
            "grid": [
              {
                "alpha": 0.0,
                "mean_r2": 0.04583839384648205,
                "mean_corr_pred": 0.3291086235978267,
                "folds": 5
              },
              {
                "alpha": 0.1,
                "mean_r2": 0.04638081841446211,
                "mean_corr_pred": 0.3296378545105564,
                "folds": 5
              },
              {
                "alpha": 0.5,
                "mean_r2": 0.04894411402759695,
                "mean_corr_pred": 0.3316490461235742,
                "folds": 5
              },
              {
                "alpha": 1.0,
                "mean_r2": 0.052182398302066876,
                "mean_corr_pred": 0.3339443294667873,
                "folds": 5
              },
              {
                "alpha": 5.0,
                "mean_r2": 0.07107458971663645,
                "mean_corr_pred": 0.34620420261147006,
                "folds": 5
              }
            ]
          }
        },
        "cost_count": {
          "best": {
            "alpha": 0.5,
            "n": 96,
            "ok": true,
            "intercept": -79.51866400420239,
            "coef": {
              "cost": {
                "inject_probe": 123.26947855688285,
                "measure_global": 15.599710712632815,
                "rewire": 1.9943071737440317,
                "transfer_probe": -48.34692694046804
              },
              "count": {
                "inject_probe": -213.27420725304765,
                "measure_global": 10.399807141718876,
                "rewire": 2.49288396690187,
                "transfer_probe": 124.62810779449327
              }
            },
            "std_coef": {
              "cost": {
                "inject_probe": 1.0627999191930524,
                "measure_global": 0.07897130921287046,
                "rewire": 0.04513554822666036,
                "transfer_probe": -0.3225908698281169
              },
              "count": {
                "inject_probe": -0.8076123335135325,
                "measure_global": 0.035098359650042044,
                "rewire": 0.07052429409628724,
                "transfer_probe": 0.39674007139253015
              }
            },
            "r2": 0.23508837794479176,
            "corr_pred": 0.4858579710437368
          },
          "grid": [
            {
              "alpha": 0.0,
              "r2": 0.34476170987110544,
              "corr_pred": 0.5871641251567618,
              "ok": true
            },
            {
              "alpha": 0.1,
              "r2": 0.25983091296606964,
              "corr_pred": 0.510872604623704,
              "ok": true
            },
            {
              "alpha": 0.5,
              "r2": 0.23508837794479176,
              "corr_pred": 0.4858579710437368,
              "ok": true
            },
            {
              "alpha": 1.0,
              "r2": 0.22570912669149845,
              "corr_pred": 0.4762854852135955,
              "ok": true
            },
            {
              "alpha": 5.0,
              "r2": 0.2000117056253562,
              "corr_pred": 0.4479114560277936,
              "ok": true
            }
          ],
          "cv": {
            "k": 5,
            "seed": 12345,
            "best_alpha": 0.0,
            "grid": [
              {
                "alpha": 0.0,
                "mean_r2": 0.20791176868554437,
                "mean_corr_pred": 0.5111127391818229,
                "folds": 5
              },
              {
                "alpha": 0.1,
                "mean_r2": 0.1491201508292126,
                "mean_corr_pred": 0.438889709285265,
                "folds": 5
              },
              {
                "alpha": 0.5,
                "mean_r2": 0.13340965568535085,
                "mean_corr_pred": 0.423959641378244,
                "folds": 5
              },
              {
                "alpha": 1.0,
                "mean_r2": 0.1239104545294158,
                "mean_corr_pred": 0.4193260174328889,
                "folds": 5
              },
              {
                "alpha": 5.0,
                "mean_r2": 0.10069696033969044,
                "mean_corr_pred": 0.40284994950536496,
                "folds": 5
              }
            ]
          }
        },
        "log_cost_count": {
          "best": {
            "alpha": 5.0,
            "n": 96,
            "ok": true,
            "intercept": -73.20439334129014,
            "coef": {
              "log_cost": {
                "inject_probe": 33.7633965869291,
                "measure_global": 3.1767862539589484,
                "rewire": 17.940491162761816,
                "transfer_probe": 27.544969025268948
              },
              "log_count": {
                "inject_probe": 25.848680013987664,
                "measure_global": 12.000375902501064,
                "rewire": 20.45914280344184,
                "transfer_probe": 15.839330590715402
              }
            },
            "std_coef": {
              "log_cost": {
                "inject_probe": 0.1065991583277782,
                "measure_global": 0.00643662117878484,
                "rewire": 0.07869012970026835,
                "transfer_probe": 0.08920970389564609
              },
              "log_count": {
                "inject_probe": 0.05205506349100963,
                "measure_global": 0.019540102294664363,
                "rewire": 0.0946066910959478,
                "transfer_probe": 0.03202227931202138
              }
            },
            "r2": 0.15887427477991856,
            "corr_pred": 0.3989725485011769
          },
          "grid": [
            {
              "alpha": 0.0,
              "r2": 0.20749089325991554,
              "corr_pred": 0.4555116829016742,
              "ok": true
            },
            {
              "alpha": 0.1,
              "r2": 0.16850809733940453,
              "corr_pred": 0.41064728299000025,
              "ok": true
            },
            {
              "alpha": 0.5,
              "r2": 0.1614848789134672,
              "corr_pred": 0.4018797404864748,
              "ok": true
            },
            {
              "alpha": 1.0,
              "r2": 0.16036046666871495,
              "corr_pred": 0.40048518551906026,
              "ok": true
            },
            {
              "alpha": 5.0,
              "r2": 0.15887427477991856,
              "corr_pred": 0.3989725485011769,
              "ok": true
            }
          ],
          "cv": {
            "k": 5,
            "seed": 12345,
            "best_alpha": 5.0,
            "grid": [
              {
                "alpha": 0.0,
                "mean_r2": 0.020437314746406553,
                "mean_corr_pred": 0.26366462112649736,
                "folds": 5
              },
              {
                "alpha": 0.1,
                "mean_r2": 0.04435143267929398,
                "mean_corr_pred": 0.3095248560005853,
                "folds": 5
              },
              {
                "alpha": 0.5,
                "mean_r2": 0.05729404603659009,
                "mean_corr_pred": 0.3325014518127819,
                "folds": 5
              },
              {
                "alpha": 1.0,
                "mean_r2": 0.06286492132200398,
                "mean_corr_pred": 0.341072171264441,
                "folds": 5
              },
              {
                "alpha": 5.0,
                "mean_r2": 0.08326510304281869,
                "mean_corr_pred": 0.36054453258325714,
                "folds": 5
              }
            ]
          }
        }
      }
    }
  },
  "law_pred_acc": 0.7333333333333333,
  "calibration": {
    "ece": 0.25758066391942513,
    "brier": 0.2558376093669032,
    "bins": [
      {
        "lo": 0.0,
        "hi": 0.1,
        "n": 0,
        "mean_conf": 0.0,
        "acc": 0.0
      },
      {
        "lo": 0.1,
        "hi": 0.2,
        "n": 0,
        "mean_conf": 0.0,
        "acc": 0.0
      },
      {
        "lo": 0.2,
        "hi": 0.3,
        "n": 0,
        "mean_conf": 0.0,
        "acc": 0.0
      },
      {
        "lo": 0.3,
        "hi": 0.4,
        "n": 0,
        "mean_conf": 0.0,
        "acc": 0.0
      },
      {
        "lo": 0.4,
        "hi": 0.5,
        "n": 0,
        "mean_conf": 0.0,
        "acc": 0.0
      },
      {
        "lo": 0.5,
        "hi": 0.6,
        "n": 0,
        "mean_conf": 0.0,
        "acc": 0.0
      },
      {
        "lo": 0.6,
        "hi": 0.7,
        "n": 0,
        "mean_conf": 0.0,
        "acc": 0.0
      },
      {
        "lo": 0.7,
        "hi": 0.8,
        "n": 0,
        "mean_conf": 0.0,
        "acc": 0.0
      },
      {
        "lo": 0.8,
        "hi": 0.9,
        "n": 0,
        "mean_conf": 0.0,
        "acc": 0.0
      },
      {
        "lo": 0.9,
        "hi": 1.0,
        "n": 60,
        "mean_conf": 0.9909139972527584,
        "acc": 0.7333333333333333
      }
    ]
  },
  "cost": {
    "totals": {
      "total_cost": 1755.0113655303255
    }
  },
  "obs_stats": {
    "energy_var_mean": {
      "mean": 2.238444460346813,
      "p95": 3.459200172518143
    },
    "energy_var_p95": {
      "mean": 4.30134014902884,
      "p95": 7.615761923479595
    },
    "energy_var_delta_abs_mean": {
      "mean": 0.5154988305134138,
      "p95": 0.8359726934036105
    },
    "energy_var_delta_abs_p95": {
      "mean": 1.7288619621500207,
      "p95": 2.586256892658982
    },
    "energy_mean_delta_abs_mean": {
      "mean": 0.19390644735118662,
      "p95": 0.3234047015030493
    },
    "energy_mean_delta_abs_p95": {
      "mean": 0.5762406271408216,
      "p95": 1.5651592799233143
    },
    "noise_ratio_mean": {
      "mean": 0.2914263714806988,
      "p95": 0.4699033163893357
    },
    "noise_ratio_p95": {
      "mean": 0.5614624126623157,
      "p95": 0.9134840627136185
    }
  },
  "cfg": {
    "step_limit": 25,
    "conf_threshold": 0.88,
    "posterior_forgetting": 0.85,
    "open_env": "numeric",
    "open_policy": "baseline",
    "scenario_tag": "",
    "posterior_mode": "heuristic",
    "posterior_res_feats": "",
    "posterior_res_scale": "",
    "posterior_seq_eps": "",
    "posterior_seq_edge_decay": "",
    "posterior_seq_edge_lr": "",
    "posterior_seq_ll_scale": "",
    "posterior_seq_prior_scale": "",
    "posterior_daoheur_alpha": "",
    "posterior_daoheur_scale": "",
    "posterior_daoheur_boost_mult": "",
    "posterior_daoheur_boost_steps": "",
    "posterior_daoheur_entropy_thr": "",
    "posterior_daoheur_entropy_mult": "",
    "drift_min_step": 7,
    "drift_max_step": 14,
    "drift_events_max": 2
  }
}