{
  "rows": [
    {
      "env": "numeric",
      "error": null,
      "artifact_dir": "tests\\artifacts\\island10_open_20260204_110608_596",
      "metrics": {
        "detect_rate": 0.6770833333333334,
        "recover_to_target_rate": 0.7604166666666666,
        "regret_mean": 175.32274851943228,
        "drawdown_auc_p95": 688.169457613265,
        "post_drift_regret_total": 9038.044252518572
      },
      "cfg": {
        "step_limit": 25,
        "conf_threshold": 0.88,
        "posterior_forgetting": 0.85,
        "open_env": "numeric",
        "open_policy": "baseline",
        "scenario_tag": "",
        "posterior_mode": "heuristic",
        "posterior_res_feats": "",
        "posterior_res_scale": "",
        "posterior_seq_eps": "",
        "posterior_seq_edge_decay": "",
        "posterior_seq_edge_lr": "",
        "posterior_seq_ll_scale": "",
        "posterior_seq_prior_scale": "",
        "posterior_daoheur_alpha": "",
        "posterior_daoheur_scale": "",
        "posterior_daoheur_boost_mult": "",
        "posterior_daoheur_boost_steps": "",
        "posterior_daoheur_entropy_thr": "",
        "posterior_daoheur_entropy_mult": "",
        "drift_min_step": 7,
        "drift_max_step": 14,
        "drift_events_max": 2
      }
    },
    {
      "env": "engine",
      "error": null,
      "artifact_dir": "tests\\artifacts\\island10_open_20260204_110608_924",
      "metrics": {
        "detect_rate": 0.6770833333333334,
        "recover_to_target_rate": 0.7604166666666666,
        "regret_mean": 175.32274851943228,
        "drawdown_auc_p95": 688.169457613265,
        "post_drift_regret_total": 9038.044252518572
      },
      "cfg": {
        "step_limit": 25,
        "conf_threshold": 0.88,
        "posterior_forgetting": 0.85,
        "open_env": "engine",
        "open_policy": "baseline",
        "scenario_tag": "",
        "posterior_mode": "heuristic",
        "posterior_res_feats": "",
        "posterior_res_scale": "",
        "posterior_seq_eps": "",
        "posterior_seq_edge_decay": "",
        "posterior_seq_edge_lr": "",
        "posterior_seq_ll_scale": "",
        "posterior_seq_prior_scale": "",
        "posterior_daoheur_alpha": "",
        "posterior_daoheur_scale": "",
        "posterior_daoheur_boost_mult": "",
        "posterior_daoheur_boost_steps": "",
        "posterior_daoheur_entropy_thr": "",
        "posterior_daoheur_entropy_mult": "",
        "drift_min_step": 7,
        "drift_max_step": 14,
        "drift_events_max": 2
      }
    }
  ]
}