{
  "rows": [
    {
      "name": "numeric_heuristic",
      "open_env": "numeric",
      "posterior": "heuristic",
      "dao": {
        "alpha": "",
        "scale": "",
        "boost_mult": "",
        "boost_steps": "",
        "entropy_thr": "",
        "entropy_mult": ""
      },
      "repeats": 1,
      "seed_start": 1,
      "seed_count": 40,
      "artifact_dirs": [
        "tests\\artifacts\\island10_open_20260204_110601_968"
      ],
      "errors": [
        null
      ],
      "metrics": {
        "detect_rate": {
          "mean": 0.7301587301587301,
          "ci": [
            0.7301587301587301,
            0.7301587301587301
          ],
          "n": 1
        },
        "recover_to_target_rate": {
          "mean": 0.7619047619047619,
          "ci": [
            0.7619047619047619,
            0.7619047619047619
          ],
          "n": 1
        },
        "regret_mean": {
          "mean": 194.8312761447029,
          "ci": [
            194.8312761447029,
            194.8312761447029
          ],
          "n": 1
        },
        "drawdown_auc_p95": {
          "mean": 695.3394444077882,
          "ci": [
            695.3394444077882,
            695.3394444077882
          ],
          "n": 1
        },
        "post_drift_regret_total": {
          "mean": 6575.775155415199,
          "ci": [
            6575.775155415199,
            6575.775155415199
          ],
          "n": 1
        }
      }
    },
    {
      "name": "numeric_dao_a0.20",
      "open_env": "numeric",
      "posterior": "dao_heuristic",
      "dao": {
        "alpha": "0.20",
        "scale": "6.0",
        "boost_mult": "2.0",
        "boost_steps": "6",
        "entropy_thr": "0.95",
        "entropy_mult": "1.5"
      },
      "repeats": 1,
      "seed_start": 1,
      "seed_count": 40,
      "artifact_dirs": [
        "tests\\artifacts\\island10_open_20260204_110602_188"
      ],
      "errors": [
        null
      ],
      "metrics": {
        "detect_rate": {
          "mean": 0.7301587301587301,
          "ci": [
            0.7301587301587301,
            0.7301587301587301
          ],
          "n": 1
        },
        "recover_to_target_rate": {
          "mean": 0.7936507936507936,
          "ci": [
            0.7936507936507936,
            0.7936507936507936
          ],
          "n": 1
        },
        "regret_mean": {
          "mean": 189.0789578785131,
          "ci": [
            189.0789578785131,
            189.0789578785131
          ],
          "n": 1
        },
        "drawdown_auc_p95": {
          "mean": 695.3394444077882,
          "ci": [
            695.3394444077882,
            695.3394444077882
          ],
          "n": 1
        },
        "post_drift_regret_total": {
          "mean": 6389.3244940195245,
          "ci": [
            6389.3244940195245,
            6389.3244940195245
          ],
          "n": 1
        }
      }
    },
    {
      "name": "engine_heuristic",
      "open_env": "engine",
      "posterior": "heuristic",
      "dao": {
        "alpha": "",
        "scale": "",
        "boost_mult": "",
        "boost_steps": "",
        "entropy_thr": "",
        "entropy_mult": ""
      },
      "repeats": 1,
      "seed_start": 1,
      "seed_count": 40,
      "artifact_dirs": [
        "tests\\artifacts\\island10_open_20260204_110602_436"
      ],
      "errors": [
        null
      ],
      "metrics": {
        "detect_rate": {
          "mean": 0.7301587301587301,
          "ci": [
            0.7301587301587301,
            0.7301587301587301
          ],
          "n": 1
        },
        "recover_to_target_rate": {
          "mean": 0.7619047619047619,
          "ci": [
            0.7619047619047619,
            0.7619047619047619
          ],
          "n": 1
        },
        "regret_mean": {
          "mean": 194.8312761447029,
          "ci": [
            194.8312761447029,
            194.8312761447029
          ],
          "n": 1
        },
        "drawdown_auc_p95": {
          "mean": 695.3394444077882,
          "ci": [
            695.3394444077882,
            695.3394444077882
          ],
          "n": 1
        },
        "post_drift_regret_total": {
          "mean": 6575.775155415199,
          "ci": [
            6575.775155415199,
            6575.775155415199
          ],
          "n": 1
        }
      }
    },
    {
      "name": "engine_dao_a0.20",
      "open_env": "engine",
      "posterior": "dao_heuristic",
      "dao": {
        "alpha": "0.20",
        "scale": "6.0",
        "boost_mult": "2.0",
        "boost_steps": "6",
        "entropy_thr": "0.95",
        "entropy_mult": "1.5"
      },
      "repeats": 1,
      "seed_start": 1,
      "seed_count": 40,
      "artifact_dirs": [
        "tests\\artifacts\\island10_open_20260204_110602_793"
      ],
      "errors": [
        null
      ],
      "metrics": {
        "detect_rate": {
          "mean": 0.7301587301587301,
          "ci": [
            0.7301587301587301,
            0.7301587301587301
          ],
          "n": 1
        },
        "recover_to_target_rate": {
          "mean": 0.7936507936507936,
          "ci": [
            0.7936507936507936,
            0.7936507936507936
          ],
          "n": 1
        },
        "regret_mean": {
          "mean": 189.0789578785131,
          "ci": [
            189.0789578785131,
            189.0789578785131
          ],
          "n": 1
        },
        "drawdown_auc_p95": {
          "mean": 695.3394444077882,
          "ci": [
            695.3394444077882,
            695.3394444077882
          ],
          "n": 1
        },
        "post_drift_regret_total": {
          "mean": 6389.3244940195245,
          "ci": [
            6389.3244940195245,
            6389.3244940195245
          ],
          "n": 1
        }
      }
    }
  ]
}